experiment_id,machine,target,run_id,train_step,valid_batch_idx,records,read_topk,margin_top1_top2_mean,margin_top1_top2_p05,entropy_mean,selected_mass_mean,selected_mass_p05,unique_top1_ids,trace_path,trace_sha256
20260702-03-flash-vqg-injection-warmup-screen,2080ti,baseline-r2,20260702-03-flash-vqg-injection-warmup-screen-baseline-r2-s124-d123-b64ga4-2080ti-injwarm-2080ti-gpu0-baseline-linear512,0,441,64,2,0.3896352266892791,0.02184927463531494,3.680791962891817,0.0367459240660537,0.016145505011081696,40,zoology/experiments/flash_vqg/scripts/20260702-03-flash-vqg-injection-warmup-screen/outputs/traces/2080ti/baseline-r2/injwarm-2080ti-gpu0-baseline-linear512/train_step_0/read_trace.jsonl,acb47d837a1d86f9c1743ac45e1042306953fe4fa984b04991ceeabc04df8a30
20260702-03-flash-vqg-injection-warmup-screen,2080ti,baseline-r2,20260702-03-flash-vqg-injection-warmup-screen-baseline-r2-s124-d123-b64ga4-2080ti-injwarm-2080ti-gpu0-baseline-linear512,1,441,64,2,0.40360732935369015,0.013660013675689697,3.677742674946785,0.0371727405290585,0.016786983236670494,41,zoology/experiments/flash_vqg/scripts/20260702-03-flash-vqg-injection-warmup-screen/outputs/traces/2080ti/baseline-r2/injwarm-2080ti-gpu0-baseline-linear512/train_step_1/read_trace.jsonl,a082f86aeb31ec33d52f76a2c275b0db42bb25249cffae3d9e59ff79a7e896ed
20260702-03-flash-vqg-injection-warmup-screen,2080ti,baseline-r2,20260702-03-flash-vqg-injection-warmup-screen-baseline-r2-s124-d123-b64ga4-2080ti-injwarm-2080ti-gpu0-baseline-linear512,128,441,64,2,1.4569358117878437,0.10193324089050293,2.368515051435679,0.4857996128266677,0.19273164868354797,14,zoology/experiments/flash_vqg/scripts/20260702-03-flash-vqg-injection-warmup-screen/outputs/traces/2080ti/baseline-r2/injwarm-2080ti-gpu0-baseline-linear512/train_step_128/read_trace.jsonl,2684872f029062a9d1abc907b63747d6de12ef533fe751ab13e6b56e00cd2184
20260702-03-flash-vqg-injection-warmup-screen,2080ti,baseline-r2,20260702-03-flash-vqg-injection-warmup-screen-baseline-r2-s124-d123-b64ga4-2080ti-injwarm-2080ti-gpu0-baseline-linear512,16,441,64,2,0.44809680874459445,0.06757897138595581,3.575552638620138,0.05370659215259366,0.018535969778895378,36,zoology/experiments/flash_vqg/scripts/20260702-03-flash-vqg-injection-warmup-screen/outputs/traces/2080ti/baseline-r2/injwarm-2080ti-gpu0-baseline-linear512/train_step_16/read_trace.jsonl,219da4106609558cf679ab033d307b3a274f41a8e86d7fde4894e8d7eea67894
20260702-03-flash-vqg-injection-warmup-screen,2080ti,baseline-r2,20260702-03-flash-vqg-injection-warmup-screen-baseline-r2-s124-d123-b64ga4-2080ti-injwarm-2080ti-gpu0-baseline-linear512,192,441,64,2,1.096084676682949,0.1584491729736328,2.2660907031968236,0.5195275424048305,0.35002684593200684,5,zoology/experiments/flash_vqg/scripts/20260702-03-flash-vqg-injection-warmup-screen/outputs/traces/2080ti/baseline-r2/injwarm-2080ti-gpu0-baseline-linear512/train_step_192/read_trace.jsonl,06c79a29853983d71e59c83a46768e7884713b67aeb4e3319a9432e6ff35f678
20260702-03-flash-vqg-injection-warmup-screen,2080ti,baseline-r2,20260702-03-flash-vqg-injection-warmup-screen-baseline-r2-s124-d123-b64ga4-2080ti-injwarm-2080ti-gpu0-baseline-linear512,2,441,64,2,0.43068986386060715,0.019887447357177734,3.6735623106360435,0.03770175116369501,0.01749974489212036,40,zoology/experiments/flash_vqg/scripts/20260702-03-flash-vqg-injection-warmup-screen/outputs/traces/2080ti/baseline-r2/injwarm-2080ti-gpu0-baseline-linear512/train_step_2/read_trace.jsonl,64f716c11e0bd9e3371d74b308b48c58a30335385ccda6b040fc7f6d4dacfe72
20260702-03-flash-vqg-injection-warmup-screen,2080ti,baseline-r2,20260702-03-flash-vqg-injection-warmup-screen-baseline-r2-s124-d123-b64ga4-2080ti-injwarm-2080ti-gpu0-baseline-linear512,24,441,64,2,0.43739973683841527,0.0337834358215332,3.4377105981111526,0.06728839225252159,0.025356514379382133,24,zoology/experiments/flash_vqg/scripts/20260702-03-flash-vqg-injection-warmup-screen/outputs/traces/2080ti/baseline-r2/injwarm-2080ti-gpu0-baseline-linear512/train_step_24/read_trace.jsonl,8cb155427e1ca26c487a282ab04175e3b71ec1982411542f388b4e5324436679
20260702-03-flash-vqg-injection-warmup-screen,2080ti,baseline-r2,20260702-03-flash-vqg-injection-warmup-screen-baseline-r2-s124-d123-b64ga4-2080ti-injwarm-2080ti-gpu0-baseline-linear512,256,441,64,2,0.7109246179461479,0.0723729133605957,2.251664973795414,0.5136855500750244,0.33986276388168335,5,zoology/experiments/flash_vqg/scripts/20260702-03-flash-vqg-injection-warmup-screen/outputs/traces/2080ti/baseline-r2/injwarm-2080ti-gpu0-baseline-linear512/train_step_256/read_trace.jsonl,dd01ec4ea7f0d25d64a4f91b2c31d22b7ceede8362d33df58d0802ed970915e4
20260702-03-flash-vqg-injection-warmup-screen,2080ti,baseline-r2,20260702-03-flash-vqg-injection-warmup-screen-baseline-r2-s124-d123-b64ga4-2080ti-injwarm-2080ti-gpu0-baseline-linear512,32,441,64,2,0.5972183896228671,0.04517173767089844,3.281365228816867,0.08732569497078657,0.04136306047439575,19,zoology/experiments/flash_vqg/scripts/20260702-03-flash-vqg-injection-warmup-screen/outputs/traces/2080ti/baseline-r2/injwarm-2080ti-gpu0-baseline-linear512/train_step_32/read_trace.jsonl,978efb7535cd3620bc6bd4c1188e951352e4f56c18af223724827aebc1e3df39
20260702-03-flash-vqg-injection-warmup-screen,2080ti,baseline-r2,20260702-03-flash-vqg-injection-warmup-screen-baseline-r2-s124-d123-b64ga4-2080ti-injwarm-2080ti-gpu0-baseline-linear512,384,441,64,2,3.386035740375519,2.648026466369629,0.659400793723762,0.9038331964984536,0.8747804760932922,2,zoology/experiments/flash_vqg/scripts/20260702-03-flash-vqg-injection-warmup-screen/outputs/traces/2080ti/baseline-r2/injwarm-2080ti-gpu0-baseline-linear512/train_step_384/read_trace.jsonl,f509f9232bdaae7533bf39d324fce1e047f967708f2ff50bf03538643bb9decb
20260702-03-flash-vqg-injection-warmup-screen,2080ti,baseline-r2,20260702-03-flash-vqg-injection-warmup-screen-baseline-r2-s124-d123-b64ga4-2080ti-injwarm-2080ti-gpu0-baseline-linear512,4,441,64,2,0.4476707801222801,0.03475761413574219,3.6667947471141815,0.038750349485781044,0.01793905347585678,38,zoology/experiments/flash_vqg/scripts/20260702-03-flash-vqg-injection-warmup-screen/outputs/traces/2080ti/baseline-r2/injwarm-2080ti-gpu0-baseline-linear512/train_step_4/read_trace.jsonl,19c1e7a22112c8c597a9c716c3f3ae223fefa4095889b0318d0196e0827b24b0
20260702-03-flash-vqg-injection-warmup-screen,2080ti,baseline-r2,20260702-03-flash-vqg-injection-warmup-screen-baseline-r2-s124-d123-b64ga4-2080ti-injwarm-2080ti-gpu0-baseline-linear512,48,441,64,2,0.49010125221684575,0.03174936771392822,3.4261310566216707,0.13345553813269362,0.07668203860521317,21,zoology/experiments/flash_vqg/scripts/20260702-03-flash-vqg-injection-warmup-screen/outputs/traces/2080ti/baseline-r2/injwarm-2080ti-gpu0-baseline-linear512/train_step_48/read_trace.jsonl,c44b2a23fda8eb6ea80c3e59ee97fb87d97b0d43232d7c7ec20986450e85fafa
20260702-03-flash-vqg-injection-warmup-screen,2080ti,baseline-r2,20260702-03-flash-vqg-injection-warmup-screen-baseline-r2-s124-d123-b64ga4-2080ti-injwarm-2080ti-gpu0-baseline-linear512,512,441,64,2,0.9594358652830124,0.042148590087890625,2.8808705303817987,0.37286146846599877,0.1777309775352478,25,zoology/experiments/flash_vqg/scripts/20260702-03-flash-vqg-injection-warmup-screen/outputs/traces/2080ti/baseline-r2/injwarm-2080ti-gpu0-baseline-linear512/train_step_512/read_trace.jsonl,484c8d91a6d07f5dfc964dcf7b8a34eb5e23a0ce455682abcb6c6ec6f631276f
20260702-03-flash-vqg-injection-warmup-screen,2080ti,baseline-r2,20260702-03-flash-vqg-injection-warmup-screen-baseline-r2-s124-d123-b64ga4-2080ti-injwarm-2080ti-gpu0-baseline-linear512,64,441,64,2,0.4025648133829236,0.029252588748931885,3.697860110551119,0.16749661520589143,0.10976393520832062,26,zoology/experiments/flash_vqg/scripts/20260702-03-flash-vqg-injection-warmup-screen/outputs/traces/2080ti/baseline-r2/injwarm-2080ti-gpu0-baseline-linear512/train_step_64/read_trace.jsonl,2bc306d33cbdb6875b05f644780d97f04a73cd966c57e0baedae962b958a84bf
20260702-03-flash-vqg-injection-warmup-screen,2080ti,baseline-r2,20260702-03-flash-vqg-injection-warmup-screen-baseline-r2-s124-d123-b64ga4-2080ti-injwarm-2080ti-gpu0-baseline-linear512,704,441,64,2,2.0894765332341194,0.12062931060791016,1.6606546407565475,0.6824924405664206,0.5015180706977844,19,zoology/experiments/flash_vqg/scripts/20260702-03-flash-vqg-injection-warmup-screen/outputs/traces/2080ti/baseline-r2/injwarm-2080ti-gpu0-baseline-linear512/train_step_704/read_trace.jsonl,2761b542c4fd8e803ae45f0524fbfb4ce9d05d0335a9b3f6cf543cfa22255a00
20260702-03-flash-vqg-injection-warmup-screen,2080ti,baseline-r2,20260702-03-flash-vqg-injection-warmup-screen-baseline-r2-s124-d123-b64ga4-2080ti-injwarm-2080ti-gpu0-baseline-linear512,8,441,64,2,0.4707041773945093,0.05507051944732666,3.650348648428917,0.04190136570832692,0.017436498776078224,41,zoology/experiments/flash_vqg/scripts/20260702-03-flash-vqg-injection-warmup-screen/outputs/traces/2080ti/baseline-r2/injwarm-2080ti-gpu0-baseline-linear512/train_step_8/read_trace.jsonl,a6e60f0121bbe85ab2a9d333f339c7b03e48071a016e5aadfe3bae152457d389
20260702-03-flash-vqg-injection-warmup-screen,2080ti,baseline-r2,20260702-03-flash-vqg-injection-warmup-screen-baseline-r2-s124-d123-b64ga4-2080ti-injwarm-2080ti-gpu0-baseline-linear512,96,441,64,2,0.9494347274303436,0.05020761489868164,2.997994215460494,0.3391637117601931,0.17670723795890808,14,zoology/experiments/flash_vqg/scripts/20260702-03-flash-vqg-injection-warmup-screen/outputs/traces/2080ti/baseline-r2/injwarm-2080ti-gpu0-baseline-linear512/train_step_96/read_trace.jsonl,6c288d09f1be8c4a302ffe679bfd420b8e6e83ee8ad53e4af03e8f30b5000772
20260702-03-flash-vqg-injection-warmup-screen,2080ti,inj-warmup-linear512-r2,20260702-03-flash-vqg-injection-warmup-screen-inj-warmup-linear512-r2-s124-d123-b64ga4-2080ti-injwarm-2080ti-gpu0-baseline-linear512,0,441,64,2,0.3896352266892791,0.02184927463531494,3.680791962891817,0.0367459240660537,0.016145505011081696,40,zoology/experiments/flash_vqg/scripts/20260702-03-flash-vqg-injection-warmup-screen/outputs/traces/2080ti/inj-warmup-linear512-r2/injwarm-2080ti-gpu0-baseline-linear512/train_step_0/read_trace.jsonl,d98ceabc800381c1fa240986b284b1618e54b35c3604e29c810f9962604a4eb4
20260702-03-flash-vqg-injection-warmup-screen,2080ti,inj-warmup-linear512-r2,20260702-03-flash-vqg-injection-warmup-screen-inj-warmup-linear512-r2-s124-d123-b64ga4-2080ti-injwarm-2080ti-gpu0-baseline-linear512,1,441,64,2,0.4003271823748946,0.0050890445709228516,3.678203210234642,0.0371310602495214,0.016781950369477272,38,zoology/experiments/flash_vqg/scripts/20260702-03-flash-vqg-injection-warmup-screen/outputs/traces/2080ti/inj-warmup-linear512-r2/injwarm-2080ti-gpu0-baseline-linear512/train_step_1/read_trace.jsonl,e86faa63781b7701ee42de91555b0854be8727f827d7c1c58e8309ca00f6fd13
20260702-03-flash-vqg-injection-warmup-screen,2080ti,inj-warmup-linear512-r2,20260702-03-flash-vqg-injection-warmup-screen-inj-warmup-linear512-r2-s124-d123-b64ga4-2080ti-injwarm-2080ti-gpu0-baseline-linear512,128,441,64,2,3.6094413213431835,0.5088624954223633,1.0487852865480818,0.764175895601511,0.31012269854545593,4,zoology/experiments/flash_vqg/scripts/20260702-03-flash-vqg-injection-warmup-screen/outputs/traces/2080ti/inj-warmup-linear512-r2/injwarm-2080ti-gpu0-baseline-linear512/train_step_128/read_trace.jsonl,8d25757bce70d8b90ad4e87bd3968cbb1a5375af37adf9cd2d2a3b29734bf945
20260702-03-flash-vqg-injection-warmup-screen,2080ti,inj-warmup-linear512-r2,20260702-03-flash-vqg-injection-warmup-screen-inj-warmup-linear512-r2-s124-d123-b64ga4-2080ti-injwarm-2080ti-gpu0-baseline-linear512,16,441,64,2,0.4529717939440161,0.0456547737121582,3.5774727761745453,0.05391817691270262,0.018531382083892822,36,zoology/experiments/flash_vqg/scripts/20260702-03-flash-vqg-injection-warmup-screen/outputs/traces/2080ti/inj-warmup-linear512-r2/injwarm-2080ti-gpu0-baseline-linear512/train_step_16/read_trace.jsonl,f779bb1fab6bd44f0d78a8feaf41e5f069c41824c87ae8ea4e30ae7ba83c96f3
20260702-03-flash-vqg-injection-warmup-screen,2080ti,inj-warmup-linear512-r2,20260702-03-flash-vqg-injection-warmup-screen-inj-warmup-linear512-r2-s124-d123-b64ga4-2080ti-injwarm-2080ti-gpu0-baseline-linear512,192,441,64,2,6.348267786204815,2.4812393188476562,0.32464607096335385,0.9186949264258146,0.7575281858444214,2,zoology/experiments/flash_vqg/scripts/20260702-03-flash-vqg-injection-warmup-screen/outputs/traces/2080ti/inj-warmup-linear512-r2/injwarm-2080ti-gpu0-baseline-linear512/train_step_192/read_trace.jsonl,1bb9ddb21207c9b31df6a9dd94cdd0107d0af511919fec0d39021c5f13fd9c4d
20260702-03-flash-vqg-injection-warmup-screen,2080ti,inj-warmup-linear512-r2,20260702-03-flash-vqg-injection-warmup-screen-inj-warmup-linear512-r2-s124-d123-b64ga4-2080ti-injwarm-2080ti-gpu0-baseline-linear512,2,441,64,2,0.4273640550673008,0.024227142333984375,3.6739188358187675,0.037691208795877174,0.017392948269844055,39,zoology/experiments/flash_vqg/scripts/20260702-03-flash-vqg-injection-warmup-screen/outputs/traces/2080ti/inj-warmup-linear512-r2/injwarm-2080ti-gpu0-baseline-linear512/train_step_2/read_trace.jsonl,e1d7dd7521278a9b4f54f3ec7bca74b8e2a3deab52b372eb5ea3da987ed37ea5
20260702-03-flash-vqg-injection-warmup-screen,2080ti,inj-warmup-linear512-r2,20260702-03-flash-vqg-injection-warmup-screen-inj-warmup-linear512-r2-s124-d123-b64ga4-2080ti-injwarm-2080ti-gpu0-baseline-linear512,24,441,64,2,0.43431912222877145,0.013594329357147217,3.4427467733621597,0.06970392662333325,0.026037272065877914,24,zoology/experiments/flash_vqg/scripts/20260702-03-flash-vqg-injection-warmup-screen/outputs/traces/2080ti/inj-warmup-linear512-r2/injwarm-2080ti-gpu0-baseline-linear512/train_step_24/read_trace.jsonl,dc2f0ed1c80c616d6ecbccbdfbd6d50f5455b33bc7f48bd34c60046763e11c51
20260702-03-flash-vqg-injection-warmup-screen,2080ti,inj-warmup-linear512-r2,20260702-03-flash-vqg-injection-warmup-screen-inj-warmup-linear512-r2-s124-d123-b64ga4-2080ti-injwarm-2080ti-gpu0-baseline-linear512,256,441,64,2,8.805137410759926,5.769468307495117,0.015584381627377297,0.9796011680737138,0.9651654958724976,2,zoology/experiments/flash_vqg/scripts/20260702-03-flash-vqg-injection-warmup-screen/outputs/traces/2080ti/inj-warmup-linear512-r2/injwarm-2080ti-gpu0-baseline-linear512/train_step_256/read_trace.jsonl,97be5283757676f16a681e63faaf91832a2b73910534ecf4caa23025f33c981b
20260702-03-flash-vqg-injection-warmup-screen,2080ti,inj-warmup-linear512-r2,20260702-03-flash-vqg-injection-warmup-screen-inj-warmup-linear512-r2-s124-d123-b64ga4-2080ti-injwarm-2080ti-gpu0-baseline-linear512,32,441,64,2,0.6005654835607857,0.023652374744415283,3.2834316417574883,0.09381042327731848,0.0461849570274353,19,zoology/experiments/flash_vqg/scripts/20260702-03-flash-vqg-injection-warmup-screen/outputs/traces/2080ti/inj-warmup-linear512-r2/injwarm-2080ti-gpu0-baseline-linear512/train_step_32/read_trace.jsonl,50540438c2ddd94970d6d443a6789224d1cc35c0923a69b8320ea5e5d2711cf8
20260702-03-flash-vqg-injection-warmup-screen,2080ti,inj-warmup-linear512-r2,20260702-03-flash-vqg-injection-warmup-screen-inj-warmup-linear512-r2-s124-d123-b64ga4-2080ti-injwarm-2080ti-gpu0-baseline-linear512,384,441,64,2,5.29912531748414,0.1251087188720703,1.5034670837067097,0.6694534202106297,0.16498035192489624,14,zoology/experiments/flash_vqg/scripts/20260702-03-flash-vqg-injection-warmup-screen/outputs/traces/2080ti/inj-warmup-linear512-r2/injwarm-2080ti-gpu0-baseline-linear512/train_step_384/read_trace.jsonl,d5f9e5295c892f150938bc7f0cb89ba0cf226a0eee2b76008d352cc652ca6568
20260702-03-flash-vqg-injection-warmup-screen,2080ti,inj-warmup-linear512-r2,20260702-03-flash-vqg-injection-warmup-screen-inj-warmup-linear512-r2-s124-d123-b64ga4-2080ti-injwarm-2080ti-gpu0-baseline-linear512,4,441,64,2,0.4487086907029152,0.037591516971588135,3.666852232068777,0.03873753800871782,0.018145600333809853,37,zoology/experiments/flash_vqg/scripts/20260702-03-flash-vqg-injection-warmup-screen/outputs/traces/2080ti/inj-warmup-linear512-r2/injwarm-2080ti-gpu0-baseline-linear512/train_step_4/read_trace.jsonl,a0d8b739f55f5092197e63da1d7b46088ab659f4b20758a02f6f300e83824143
20260702-03-flash-vqg-injection-warmup-screen,2080ti,inj-warmup-linear512-r2,20260702-03-flash-vqg-injection-warmup-screen-inj-warmup-linear512-r2-s124-d123-b64ga4-2080ti-injwarm-2080ti-gpu0-baseline-linear512,48,441,64,2,1.015569702256471,0.03283637762069702,3.0543332509696484,0.23242293391376734,0.13669557869434357,13,zoology/experiments/flash_vqg/scripts/20260702-03-flash-vqg-injection-warmup-screen/outputs/traces/2080ti/inj-warmup-linear512-r2/injwarm-2080ti-gpu0-baseline-linear512/train_step_48/read_trace.jsonl,ee6c1f0a11b63be0264156457054c2ea0877b234667debb0d14cc0a6a51fb42b
20260702-03-flash-vqg-injection-warmup-screen,2080ti,inj-warmup-linear512-r2,20260702-03-flash-vqg-injection-warmup-screen-inj-warmup-linear512-r2-s124-d123-b64ga4-2080ti-injwarm-2080ti-gpu0-baseline-linear512,512,441,64,2,4.9733137264847755,0.5294570922851562,0.9250046491579269,0.8113468578085303,0.4432049095630646,22,zoology/experiments/flash_vqg/scripts/20260702-03-flash-vqg-injection-warmup-screen/outputs/traces/2080ti/inj-warmup-linear512-r2/injwarm-2080ti-gpu0-baseline-linear512/train_step_512/read_trace.jsonl,9f57af0c1b08b3bca99b078271cfae764d6934c0dd0a0d61b4301955dc72881b
20260702-03-flash-vqg-injection-warmup-screen,2080ti,inj-warmup-linear512-r2,20260702-03-flash-vqg-injection-warmup-screen-inj-warmup-linear512-r2-s124-d123-b64ga4-2080ti-injwarm-2080ti-gpu0-baseline-linear512,64,441,64,2,0.6098917052149773,0.03211021423339844,3.408063419163227,0.23700525891035795,0.1423087865114212,20,zoology/experiments/flash_vqg/scripts/20260702-03-flash-vqg-injection-warmup-screen/outputs/traces/2080ti/inj-warmup-linear512-r2/injwarm-2080ti-gpu0-baseline-linear512/train_step_64/read_trace.jsonl,3bb4791a4725e86bc06d8ee3e0c96db85e30466aa71975ec57d5b5f8097f1795
20260702-03-flash-vqg-injection-warmup-screen,2080ti,inj-warmup-linear512-r2,20260702-03-flash-vqg-injection-warmup-screen-inj-warmup-linear512-r2-s124-d123-b64ga4-2080ti-injwarm-2080ti-gpu0-baseline-linear512,704,441,64,2,3.374336712062359,1.588200569152832,0.8346088571706787,0.8408774938434362,0.673073947429657,21,zoology/experiments/flash_vqg/scripts/20260702-03-flash-vqg-injection-warmup-screen/outputs/traces/2080ti/inj-warmup-linear512-r2/injwarm-2080ti-gpu0-baseline-linear512/train_step_704/read_trace.jsonl,edb33cc869402f95fab9148fd2fab238187904d6c7c4f08c87cd1d2acddf5214
20260702-03-flash-vqg-injection-warmup-screen,2080ti,inj-warmup-linear512-r2,20260702-03-flash-vqg-injection-warmup-screen-inj-warmup-linear512-r2-s124-d123-b64ga4-2080ti-injwarm-2080ti-gpu0-baseline-linear512,8,441,64,2,0.4747048649005592,0.07938194274902344,3.6506214551627636,0.04193078679963946,0.0175083689391613,41,zoology/experiments/flash_vqg/scripts/20260702-03-flash-vqg-injection-warmup-screen/outputs/traces/2080ti/inj-warmup-linear512-r2/injwarm-2080ti-gpu0-baseline-linear512/train_step_8/read_trace.jsonl,17846b1887b0710c3e5b20a69263b34a0b2a4ce9cbd6e4189b965ebf589d5c9c
20260702-03-flash-vqg-injection-warmup-screen,2080ti,inj-warmup-linear512-r2,20260702-03-flash-vqg-injection-warmup-screen-inj-warmup-linear512-r2-s124-d123-b64ga4-2080ti-injwarm-2080ti-gpu0-baseline-linear512,96,441,64,2,1.5493346080183983,0.04657936096191406,2.530476577230729,0.4555035240482539,0.1984144151210785,11,zoology/experiments/flash_vqg/scripts/20260702-03-flash-vqg-injection-warmup-screen/outputs/traces/2080ti/inj-warmup-linear512-r2/injwarm-2080ti-gpu0-baseline-linear512/train_step_96/read_trace.jsonl,838378ba65a11bd05b4d1c4068d80d57e0e24e57311ae2d5eaa725cb2add0f5e
20260702-03-flash-vqg-injection-warmup-screen,2080ti,inj-warmup-silent64-linear512-r2,20260702-03-flash-vqg-injection-warmup-screen-inj-warmup-silent64-linear512-r2-s124-d123-b64ga4-2080ti-injwarm-2080ti-gpu1-silent64linear512,0,441,64,2,0.3896352266892791,0.02184927463531494,3.680791962891817,0.0367459240660537,0.016145505011081696,40,zoology/experiments/flash_vqg/scripts/20260702-03-flash-vqg-injection-warmup-screen/outputs/traces/2080ti/inj-warmup-silent64-linear512-r2/injwarm-2080ti-gpu1-silent64linear512/train_step_0/read_trace.jsonl,6d7af53fe7621160d4a92899f98d48c23731355687377173e5e2bc55708207fd
20260702-03-flash-vqg-injection-warmup-screen,2080ti,inj-warmup-silent64-linear512-r2,20260702-03-flash-vqg-injection-warmup-screen-inj-warmup-silent64-linear512-r2-s124-d123-b64ga4-2080ti-injwarm-2080ti-gpu1-silent64linear512,1,441,64,2,0.4002807606011629,0.004999279975891113,3.678207404911518,0.03713121893815696,0.01678154617547989,38,zoology/experiments/flash_vqg/scripts/20260702-03-flash-vqg-injection-warmup-screen/outputs/traces/2080ti/inj-warmup-silent64-linear512-r2/injwarm-2080ti-gpu1-silent64linear512/train_step_1/read_trace.jsonl,6444f0d9e52b1d363a0055d0e4892b120dad8b81524a8c58e500cfd10e5c746c
20260702-03-flash-vqg-injection-warmup-screen,2080ti,inj-warmup-silent64-linear512-r2,20260702-03-flash-vqg-injection-warmup-screen-inj-warmup-silent64-linear512-r2-s124-d123-b64ga4-2080ti-injwarm-2080ti-gpu1-silent64linear512,128,441,64,2,3.359946593642235,0.34090089797973633,1.145899577299133,0.7450781324878335,0.24651792645454407,4,zoology/experiments/flash_vqg/scripts/20260702-03-flash-vqg-injection-warmup-screen/outputs/traces/2080ti/inj-warmup-silent64-linear512-r2/injwarm-2080ti-gpu1-silent64linear512/train_step_128/read_trace.jsonl,58d4f78ab9c950418ccb4493a5373e7d2705b61ad628d44b450f55c3098f106b
20260702-03-flash-vqg-injection-warmup-screen,2080ti,inj-warmup-silent64-linear512-r2,20260702-03-flash-vqg-injection-warmup-screen-inj-warmup-silent64-linear512-r2-s124-d123-b64ga4-2080ti-injwarm-2080ti-gpu1-silent64linear512,16,441,64,2,0.45294457382988185,0.045267343521118164,3.5775092765688896,0.05391988804331049,0.0185355544090271,36,zoology/experiments/flash_vqg/scripts/20260702-03-flash-vqg-injection-warmup-screen/outputs/traces/2080ti/inj-warmup-silent64-linear512-r2/injwarm-2080ti-gpu1-silent64linear512/train_step_16/read_trace.jsonl,8bec6b04a77594b4899df3f9af760980ee8071ee053c01a94a4e67e2f644d337
20260702-03-flash-vqg-injection-warmup-screen,2080ti,inj-warmup-silent64-linear512-r2,20260702-03-flash-vqg-injection-warmup-screen-inj-warmup-silent64-linear512-r2-s124-d123-b64ga4-2080ti-injwarm-2080ti-gpu1-silent64linear512,192,441,64,2,5.984637692570686,0.8807461261749268,0.8478003971413273,0.8160983938723803,0.34766387939453125,5,zoology/experiments/flash_vqg/scripts/20260702-03-flash-vqg-injection-warmup-screen/outputs/traces/2080ti/inj-warmup-silent64-linear512-r2/injwarm-2080ti-gpu1-silent64linear512/train_step_192/read_trace.jsonl,a6251ddc8bf004163a6e3b395f6917e5f35f202d55414925ede99f6a6596bbee
20260702-03-flash-vqg-injection-warmup-screen,2080ti,inj-warmup-silent64-linear512-r2,20260702-03-flash-vqg-injection-warmup-screen-inj-warmup-silent64-linear512-r2-s124-d123-b64ga4-2080ti-injwarm-2080ti-gpu1-silent64linear512,2,441,64,2,0.4273178745061159,0.024087190628051758,3.6739233881235123,0.03769126150291413,0.017390791326761246,39,zoology/experiments/flash_vqg/scripts/20260702-03-flash-vqg-injection-warmup-screen/outputs/traces/2080ti/inj-warmup-silent64-linear512-r2/injwarm-2080ti-gpu1-silent64linear512/train_step_2/read_trace.jsonl,4d8bf5b03e462ec8c922b88964ffe9d6abfcaecbd42684b77fab97403bde5ee2
20260702-03-flash-vqg-injection-warmup-screen,2080ti,inj-warmup-silent64-linear512-r2,20260702-03-flash-vqg-injection-warmup-screen-inj-warmup-silent64-linear512-r2-s124-d123-b64ga4-2080ti-injwarm-2080ti-gpu1-silent64linear512,24,441,64,2,0.4344878240954131,0.014982342720031738,3.4428355917334557,0.06976634843158536,0.02605380304157734,24,zoology/experiments/flash_vqg/scripts/20260702-03-flash-vqg-injection-warmup-screen/outputs/traces/2080ti/inj-warmup-silent64-linear512-r2/injwarm-2080ti-gpu1-silent64linear512/train_step_24/read_trace.jsonl,614882ecc0a098c1e4b6a4ea5698fa8c8c33fa6669c56919a50f93b469904b3e
20260702-03-flash-vqg-injection-warmup-screen,2080ti,inj-warmup-silent64-linear512-r2,20260702-03-flash-vqg-injection-warmup-screen-inj-warmup-silent64-linear512-r2-s124-d123-b64ga4-2080ti-injwarm-2080ti-gpu1-silent64linear512,256,441,64,2,8.049703262746334,5.318912506103516,0.03582019810528436,0.9728025486692786,0.9366125464439392,2,zoology/experiments/flash_vqg/scripts/20260702-03-flash-vqg-injection-warmup-screen/outputs/traces/2080ti/inj-warmup-silent64-linear512-r2/injwarm-2080ti-gpu1-silent64linear512/train_step_256/read_trace.jsonl,ea255aab825be53a3fcf023b457d9ee83395ba1cecd11e012e8b61e66de24910
20260702-03-flash-vqg-injection-warmup-screen,2080ti,inj-warmup-silent64-linear512-r2,20260702-03-flash-vqg-injection-warmup-screen-inj-warmup-silent64-linear512-r2-s124-d123-b64ga4-2080ti-injwarm-2080ti-gpu1-silent64linear512,32,441,64,2,0.5998952414374799,0.023657619953155518,3.283525124192238,0.09390189306577668,0.04608609527349472,19,zoology/experiments/flash_vqg/scripts/20260702-03-flash-vqg-injection-warmup-screen/outputs/traces/2080ti/inj-warmup-silent64-linear512-r2/injwarm-2080ti-gpu1-silent64linear512/train_step_32/read_trace.jsonl,388c4b54f536c74d48357f9efde239fffe3dde367c525d05bf0394e0f5768ad2
20260702-03-flash-vqg-injection-warmup-screen,2080ti,inj-warmup-silent64-linear512-r2,20260702-03-flash-vqg-injection-warmup-screen-inj-warmup-silent64-linear512-r2-s124-d123-b64ga4-2080ti-injwarm-2080ti-gpu1-silent64linear512,384,441,64,2,4.9355999529361725,0.8951578140258789,1.0642281990149058,0.7776686791330576,0.38227054476737976,16,zoology/experiments/flash_vqg/scripts/20260702-03-flash-vqg-injection-warmup-screen/outputs/traces/2080ti/inj-warmup-silent64-linear512-r2/injwarm-2080ti-gpu1-silent64linear512/train_step_384/read_trace.jsonl,42df0cb8596a06d869b17f2db0904758e6139d8a22b9ec30e0723f096277ed34
20260702-03-flash-vqg-injection-warmup-screen,2080ti,inj-warmup-silent64-linear512-r2,20260702-03-flash-vqg-injection-warmup-screen-inj-warmup-silent64-linear512-r2-s124-d123-b64ga4-2080ti-injwarm-2080ti-gpu1-silent64linear512,4,441,64,2,0.4486741302534938,0.03792166709899902,3.666855726391077,0.038737204784411006,0.018143903464078903,37,zoology/experiments/flash_vqg/scripts/20260702-03-flash-vqg-injection-warmup-screen/outputs/traces/2080ti/inj-warmup-silent64-linear512-r2/injwarm-2080ti-gpu1-silent64linear512/train_step_4/read_trace.jsonl,60b37cd30bf4948328fe82f79d9fcbb8759fb4461febad90379bc60b5e110230
20260702-03-flash-vqg-injection-warmup-screen,2080ti,inj-warmup-silent64-linear512-r2,20260702-03-flash-vqg-injection-warmup-screen-inj-warmup-silent64-linear512-r2-s124-d123-b64ga4-2080ti-injwarm-2080ti-gpu1-silent64linear512,48,441,64,2,1.0131278997287154,0.02664637565612793,3.0579310078173876,0.2322921180166304,0.1363116204738617,13,zoology/experiments/flash_vqg/scripts/20260702-03-flash-vqg-injection-warmup-screen/outputs/traces/2080ti/inj-warmup-silent64-linear512-r2/injwarm-2080ti-gpu1-silent64linear512/train_step_48/read_trace.jsonl,28990d9cb353ef903cbe0fe656fa59f182090bdd284a61ab1035106315c2ebdb
20260702-03-flash-vqg-injection-warmup-screen,2080ti,inj-warmup-silent64-linear512-r2,20260702-03-flash-vqg-injection-warmup-screen-inj-warmup-silent64-linear512-r2-s124-d123-b64ga4-2080ti-injwarm-2080ti-gpu1-silent64linear512,512,441,64,2,3.0516115985810757,1.7970495223999023,1.2839542161673307,0.7622453472577035,0.5036211013793945,14,zoology/experiments/flash_vqg/scripts/20260702-03-flash-vqg-injection-warmup-screen/outputs/traces/2080ti/inj-warmup-silent64-linear512-r2/injwarm-2080ti-gpu1-silent64linear512/train_step_512/read_trace.jsonl,9ccc861aad336b1dee24109fd4d4b486910bab9b1e29a27543687192459e7c43
20260702-03-flash-vqg-injection-warmup-screen,2080ti,inj-warmup-silent64-linear512-r2,20260702-03-flash-vqg-injection-warmup-screen-inj-warmup-silent64-linear512-r2-s124-d123-b64ga4-2080ti-injwarm-2080ti-gpu1-silent64linear512,64,441,64,2,0.5807793736457825,0.017990589141845703,3.4326583929359913,0.23014561110176146,0.13161128759384155,20,zoology/experiments/flash_vqg/scripts/20260702-03-flash-vqg-injection-warmup-screen/outputs/traces/2080ti/inj-warmup-silent64-linear512-r2/injwarm-2080ti-gpu1-silent64linear512/train_step_64/read_trace.jsonl,f7982a0e2758acfe0f2c6c4efc520847b67e9384ed7b10a1bd338f68814c245b
20260702-03-flash-vqg-injection-warmup-screen,2080ti,inj-warmup-silent64-linear512-r2,20260702-03-flash-vqg-injection-warmup-screen-inj-warmup-silent64-linear512-r2-s124-d123-b64ga4-2080ti-injwarm-2080ti-gpu1-silent64linear512,704,441,64,2,3.080327369272709,2.0190658569335938,1.1537096286192536,0.7898831269703805,0.6434044241905212,14,zoology/experiments/flash_vqg/scripts/20260702-03-flash-vqg-injection-warmup-screen/outputs/traces/2080ti/inj-warmup-silent64-linear512-r2/injwarm-2080ti-gpu1-silent64linear512/train_step_704/read_trace.jsonl,4c364171504d140bd003d4c09af7ca93a0d8427621a2c7754621912487b84809
20260702-03-flash-vqg-injection-warmup-screen,2080ti,inj-warmup-silent64-linear512-r2,20260702-03-flash-vqg-injection-warmup-screen-inj-warmup-silent64-linear512-r2-s124-d123-b64ga4-2080ti-injwarm-2080ti-gpu1-silent64linear512,8,441,64,2,0.47464427165687084,0.0797644853591919,3.650627478957176,0.04192901274655014,0.017507461830973625,41,zoology/experiments/flash_vqg/scripts/20260702-03-flash-vqg-injection-warmup-screen/outputs/traces/2080ti/inj-warmup-silent64-linear512-r2/injwarm-2080ti-gpu1-silent64linear512/train_step_8/read_trace.jsonl,d1f71b31a3d11303136bdc47c59787a89610f867c73a3ee5f6af2a4b57e67ccd
20260702-03-flash-vqg-injection-warmup-screen,2080ti,inj-warmup-silent64-linear512-r2,20260702-03-flash-vqg-injection-warmup-screen-inj-warmup-silent64-linear512-r2-s124-d123-b64ga4-2080ti-injwarm-2080ti-gpu1-silent64linear512,96,441,64,2,1.5182616841048002,0.0753777027130127,2.5374414905672893,0.45412076101638377,0.20149266719818115,10,zoology/experiments/flash_vqg/scripts/20260702-03-flash-vqg-injection-warmup-screen/outputs/traces/2080ti/inj-warmup-silent64-linear512-r2/injwarm-2080ti-gpu1-silent64linear512/train_step_96/read_trace.jsonl,d2ee5fb8ba0aeac823753b8772bd02cc746b91d5414d61124b7b1957916bbe84
20260702-03-flash-vqg-injection-warmup-screen,3090,baseline-r2,20260702-03-flash-vqg-injection-warmup-screen-baseline-r2-s124-d123-b64ga4-3090-injwarm-3090-gpu0-all,0,441,64,2,0.3896352266892791,0.02184927463531494,3.6807919703423977,0.03674592394963838,0.016145505011081696,40,zoology/experiments/flash_vqg/scripts/20260702-03-flash-vqg-injection-warmup-screen/outputs/traces/3090/baseline-r2/injwarm-3090-gpu0-all/train_step_0/read_trace.jsonl,ee4f3f6cd301761c914f9c0b60f1b71704fe4dc449199198f2820033f0790462
20260702-03-flash-vqg-injection-warmup-screen,3090,baseline-r2,20260702-03-flash-vqg-injection-warmup-screen-baseline-r2-s124-d123-b64ga4-3090-injwarm-3090-gpu0-all,1,441,64,2,0.40612426586449146,0.04082953929901123,3.679619174450636,0.03691062604775652,0.01702612079679966,39,zoology/experiments/flash_vqg/scripts/20260702-03-flash-vqg-injection-warmup-screen/outputs/traces/3090/baseline-r2/injwarm-3090-gpu0-all/train_step_1/read_trace.jsonl,7968f676ee3495ca4fdb0436f66ee3fa786d3d56e2577cf27174706129725239
20260702-03-flash-vqg-injection-warmup-screen,3090,baseline-r2,20260702-03-flash-vqg-injection-warmup-screen-baseline-r2-s124-d123-b64ga4-3090-injwarm-3090-gpu0-all,128,441,64,2,2.8663825690746307,0.0997159481048584,2.0148182915290818,0.5446364567615092,0.137781023979187,12,zoology/experiments/flash_vqg/scripts/20260702-03-flash-vqg-injection-warmup-screen/outputs/traces/3090/baseline-r2/injwarm-3090-gpu0-all/train_step_128/read_trace.jsonl,7fc8c8622e61509990d318c03f3b60e8a2121576791199b96ae5282df6113276
20260702-03-flash-vqg-injection-warmup-screen,3090,baseline-r2,20260702-03-flash-vqg-injection-warmup-screen-baseline-r2-s124-d123-b64ga4-3090-injwarm-3090-gpu0-all,16,441,64,2,0.4323116153245792,0.043320611119270325,3.582525260746479,0.05349425633903593,0.016199110075831413,35,zoology/experiments/flash_vqg/scripts/20260702-03-flash-vqg-injection-warmup-screen/outputs/traces/3090/baseline-r2/injwarm-3090-gpu0-all/train_step_16/read_trace.jsonl,c131806d407d16aa45a55dd8aab4763e32a9d64063ee479740bb863c6eb88993
20260702-03-flash-vqg-injection-warmup-screen,3090,baseline-r2,20260702-03-flash-vqg-injection-warmup-screen-baseline-r2-s124-d123-b64ga4-3090-injwarm-3090-gpu0-all,192,441,64,2,4.566900283098221,0.08318233489990234,1.7935135948537209,0.5976873226463795,0.13931912183761597,8,zoology/experiments/flash_vqg/scripts/20260702-03-flash-vqg-injection-warmup-screen/outputs/traces/3090/baseline-r2/injwarm-3090-gpu0-all/train_step_192/read_trace.jsonl,36363ae9708f9d10b8cd4cf06be39955d64111ba2d22bb0231f275f800ba3378
20260702-03-flash-vqg-injection-warmup-screen,3090,baseline-r2,20260702-03-flash-vqg-injection-warmup-screen-baseline-r2-s124-d123-b64ga4-3090-injwarm-3090-gpu0-all,2,441,64,2,0.4224428487941623,0.025311589241027832,3.6771257929503918,0.037283984216628596,0.017052680253982544,40,zoology/experiments/flash_vqg/scripts/20260702-03-flash-vqg-injection-warmup-screen/outputs/traces/3090/baseline-r2/injwarm-3090-gpu0-all/train_step_2/read_trace.jsonl,80d1a32984ab328fddde06285cdd6d9692f8e02e272793f6c94296702f118433
20260702-03-flash-vqg-injection-warmup-screen,3090,baseline-r2,20260702-03-flash-vqg-injection-warmup-screen-baseline-r2-s124-d123-b64ga4-3090-injwarm-3090-gpu0-all,24,441,64,2,0.512750098016113,0.03207361698150635,3.457168512046337,0.07324465177953243,0.024127379059791565,27,zoology/experiments/flash_vqg/scripts/20260702-03-flash-vqg-injection-warmup-screen/outputs/traces/3090/baseline-r2/injwarm-3090-gpu0-all/train_step_24/read_trace.jsonl,9f99addd55f0cb3a1a37ec6a649fbb9f08c6a952ba39b08fad653ced6d5c8578
20260702-03-flash-vqg-injection-warmup-screen,3090,baseline-r2,20260702-03-flash-vqg-injection-warmup-screen-baseline-r2-s124-d123-b64ga4-3090-injwarm-3090-gpu0-all,256,441,64,2,5.074394807219505,0.09956765174865723,1.8578786516864056,0.5805544916074723,0.12055569142103195,9,zoology/experiments/flash_vqg/scripts/20260702-03-flash-vqg-injection-warmup-screen/outputs/traces/3090/baseline-r2/injwarm-3090-gpu0-all/train_step_256/read_trace.jsonl,c419e64c74c2ed7578c1ebde040b1c39b8ef26bfdaf0bc3832ccae589275fe08
20260702-03-flash-vqg-injection-warmup-screen,3090,baseline-r2,20260702-03-flash-vqg-injection-warmup-screen-baseline-r2-s124-d123-b64ga4-3090-injwarm-3090-gpu0-all,32,441,64,2,0.5885111102834344,0.05757951736450195,3.319700337946415,0.09260078152874485,0.03563382476568222,21,zoology/experiments/flash_vqg/scripts/20260702-03-flash-vqg-injection-warmup-screen/outputs/traces/3090/baseline-r2/injwarm-3090-gpu0-all/train_step_32/read_trace.jsonl,21225a22faf59ddf8bc392b0edb3d80ed883f1bdfc72f0e10d21597f244c360d
20260702-03-flash-vqg-injection-warmup-screen,3090,baseline-r2,20260702-03-flash-vqg-injection-warmup-screen-baseline-r2-s124-d123-b64ga4-3090-injwarm-3090-gpu0-all,384,441,64,2,5.209501229226589,3.022185802459717,0.20364444647566415,0.9566125348210335,0.9409341216087341,2,zoology/experiments/flash_vqg/scripts/20260702-03-flash-vqg-injection-warmup-screen/outputs/traces/3090/baseline-r2/injwarm-3090-gpu0-all/train_step_384/read_trace.jsonl,4f4d962af03b536d01cccb719b86026ec766ca9009b10db5521f3cb2e03a1d78
20260702-03-flash-vqg-injection-warmup-screen,3090,baseline-r2,20260702-03-flash-vqg-injection-warmup-screen-baseline-r2-s124-d123-b64ga4-3090-injwarm-3090-gpu0-all,4,441,64,2,0.4479461582377553,0.041489601135253906,3.6705173924565315,0.03840598990791477,0.01952236518263817,39,zoology/experiments/flash_vqg/scripts/20260702-03-flash-vqg-injection-warmup-screen/outputs/traces/3090/baseline-r2/injwarm-3090-gpu0-all/train_step_4/read_trace.jsonl,450c87a1e7b840b732179e60e114a701f00355be9eb67cb185b6e8768302cf25
20260702-03-flash-vqg-injection-warmup-screen,3090,baseline-r2,20260702-03-flash-vqg-injection-warmup-screen-baseline-r2-s124-d123-b64ga4-3090-injwarm-3090-gpu0-all,48,441,64,2,0.6270888177677989,0.026877760887145996,3.354967877268791,0.13797101832460612,0.08136992901563644,19,zoology/experiments/flash_vqg/scripts/20260702-03-flash-vqg-injection-warmup-screen/outputs/traces/3090/baseline-r2/injwarm-3090-gpu0-all/train_step_48/read_trace.jsonl,72a860de67f27ec497734948323ee470237dde97b23afbf7294035af41cc740a
20260702-03-flash-vqg-injection-warmup-screen,3090,baseline-r2,20260702-03-flash-vqg-injection-warmup-screen-baseline-r2-s124-d123-b64ga4-3090-injwarm-3090-gpu0-all,512,441,64,2,2.167708992958069,0.21204853057861328,1.257688585203141,0.7594619053415954,0.42030069231987,13,zoology/experiments/flash_vqg/scripts/20260702-03-flash-vqg-injection-warmup-screen/outputs/traces/3090/baseline-r2/injwarm-3090-gpu0-all/train_step_512/read_trace.jsonl,8338760dc389242c8b2652def9c1acf08cbba39c8156890d6447c9240af44e81
20260702-03-flash-vqg-injection-warmup-screen,3090,baseline-r2,20260702-03-flash-vqg-injection-warmup-screen-baseline-r2-s124-d123-b64ga4-3090-injwarm-3090-gpu0-all,64,441,64,2,0.47917485563084483,0.045427560806274414,3.647375848144293,0.18091641541104764,0.10943137109279633,25,zoology/experiments/flash_vqg/scripts/20260702-03-flash-vqg-injection-warmup-screen/outputs/traces/3090/baseline-r2/injwarm-3090-gpu0-all/train_step_64/read_trace.jsonl,76eff3789962af0220199b4942da8a3ddd6b8d7ea80a794cb0ceaae60998cefd
20260702-03-flash-vqg-injection-warmup-screen,3090,baseline-r2,20260702-03-flash-vqg-injection-warmup-screen-baseline-r2-s124-d123-b64ga4-3090-injwarm-3090-gpu0-all,704,441,64,2,2.687309369444847,1.5648469924926758,0.894205916672945,0.8586788401007652,0.7082491517066956,13,zoology/experiments/flash_vqg/scripts/20260702-03-flash-vqg-injection-warmup-screen/outputs/traces/3090/baseline-r2/injwarm-3090-gpu0-all/train_step_704/read_trace.jsonl,2125beb4589869d45c9268e75f78358e1286d12099150df5867ed7e0dff0bf9e
20260702-03-flash-vqg-injection-warmup-screen,3090,baseline-r2,20260702-03-flash-vqg-injection-warmup-screen-baseline-r2-s124-d123-b64ga4-3090-injwarm-3090-gpu0-all,8,441,64,2,0.4429369820281863,0.029051601886749268,3.6536816842854023,0.041616267524659634,0.01888897642493248,42,zoology/experiments/flash_vqg/scripts/20260702-03-flash-vqg-injection-warmup-screen/outputs/traces/3090/baseline-r2/injwarm-3090-gpu0-all/train_step_8/read_trace.jsonl,8bee6f1b8c4e66d125c583c81562ba06da200dc67c2a300b94d091b06c106332
20260702-03-flash-vqg-injection-warmup-screen,3090,baseline-r2,20260702-03-flash-vqg-injection-warmup-screen-baseline-r2-s124-d123-b64ga4-3090-injwarm-3090-gpu0-all,96,441,64,2,1.1821235194802284,0.05499541759490967,2.97932939697057,0.3365853476570919,0.12365825474262238,18,zoology/experiments/flash_vqg/scripts/20260702-03-flash-vqg-injection-warmup-screen/outputs/traces/3090/baseline-r2/injwarm-3090-gpu0-all/train_step_96/read_trace.jsonl,89825395e6a5349f9b27e2a0cda6c7ca7b95fac59b6742233ad476f52cb2101d
20260702-03-flash-vqg-injection-warmup-screen,3090,inj-warmup-linear512-r2,20260702-03-flash-vqg-injection-warmup-screen-inj-warmup-linear512-r2-s124-d123-b64ga4-3090-injwarm-3090-gpu0-all,0,441,64,2,0.3896352266892791,0.02184927463531494,3.6807919703423977,0.03674592394963838,0.016145505011081696,40,zoology/experiments/flash_vqg/scripts/20260702-03-flash-vqg-injection-warmup-screen/outputs/traces/3090/inj-warmup-linear512-r2/injwarm-3090-gpu0-all/train_step_0/read_trace.jsonl,d047e25cf018c3d41b6f45641a1c9f09a4ac49a821a1a00e42e1a10c77fa669e
20260702-03-flash-vqg-injection-warmup-screen,3090,inj-warmup-linear512-r2,20260702-03-flash-vqg-injection-warmup-screen-inj-warmup-linear512-r2-s124-d123-b64ga4-3090-injwarm-3090-gpu0-all,1,441,64,2,0.40363413747400045,0.03451991081237793,3.6799109652638435,0.03686661447864026,0.016610994935035706,40,zoology/experiments/flash_vqg/scripts/20260702-03-flash-vqg-injection-warmup-screen/outputs/traces/3090/inj-warmup-linear512-r2/injwarm-3090-gpu0-all/train_step_1/read_trace.jsonl,3c4ce34523b3c1e1992b1af1222f7e24f407138782a2a5702d10f37e72dbd7c5
20260702-03-flash-vqg-injection-warmup-screen,3090,inj-warmup-linear512-r2,20260702-03-flash-vqg-injection-warmup-screen-inj-warmup-linear512-r2-s124-d123-b64ga4-3090-injwarm-3090-gpu0-all,128,441,64,2,1.4048529006540775,0.06812167167663574,2.6345108912792057,0.44061084918212146,0.14163929224014282,13,zoology/experiments/flash_vqg/scripts/20260702-03-flash-vqg-injection-warmup-screen/outputs/traces/3090/inj-warmup-linear512-r2/injwarm-3090-gpu0-all/train_step_128/read_trace.jsonl,689fa345039f916adbd6b2739ec218117fedcde009020c3bd746ddc2e444b524
20260702-03-flash-vqg-injection-warmup-screen,3090,inj-warmup-linear512-r2,20260702-03-flash-vqg-injection-warmup-screen-inj-warmup-linear512-r2-s124-d123-b64ga4-3090-injwarm-3090-gpu0-all,16,441,64,2,0.42081724386662245,0.031450510025024414,3.583350047469139,0.0533561622723937,0.016137372702360153,33,zoology/experiments/flash_vqg/scripts/20260702-03-flash-vqg-injection-warmup-screen/outputs/traces/3090/inj-warmup-linear512-r2/injwarm-3090-gpu0-all/train_step_16/read_trace.jsonl,3bfedf2e7f4e1a6dee1252e0b2c21006d368dfe3b6d3dd3945d1c4b4d6cf6fd4
20260702-03-flash-vqg-injection-warmup-screen,3090,inj-warmup-linear512-r2,20260702-03-flash-vqg-injection-warmup-screen-inj-warmup-linear512-r2-s124-d123-b64ga4-3090-injwarm-3090-gpu0-all,192,441,64,2,0.9049096703529358,0.028795719146728516,2.1600828296504915,0.5291180829517543,0.27762871980667114,8,zoology/experiments/flash_vqg/scripts/20260702-03-flash-vqg-injection-warmup-screen/outputs/traces/3090/inj-warmup-linear512-r2/injwarm-3090-gpu0-all/train_step_192/read_trace.jsonl,c0d84988480ffe37149e5d92636b5869180c78c35a3196d0147654b3b2a656fe
20260702-03-flash-vqg-injection-warmup-screen,3090,inj-warmup-linear512-r2,20260702-03-flash-vqg-injection-warmup-screen-inj-warmup-linear512-r2-s124-d123-b64ga4-3090-injwarm-3090-gpu0-all,2,441,64,2,0.42183929588645697,0.017139136791229248,3.677140712738037,0.03722489075153135,0.01713510975241661,41,zoology/experiments/flash_vqg/scripts/20260702-03-flash-vqg-injection-warmup-screen/outputs/traces/3090/inj-warmup-linear512-r2/injwarm-3090-gpu0-all/train_step_2/read_trace.jsonl,ebe9f38815af00d55eac64d243d2d127ca2ad7a5a4704269b736dce587c548ef
20260702-03-flash-vqg-injection-warmup-screen,3090,inj-warmup-linear512-r2,20260702-03-flash-vqg-injection-warmup-screen-inj-warmup-linear512-r2-s124-d123-b64ga4-3090-injwarm-3090-gpu0-all,24,441,64,2,0.5046058818697929,0.02155858278274536,3.460815377533436,0.07443270779913291,0.02397698163986206,28,zoology/experiments/flash_vqg/scripts/20260702-03-flash-vqg-injection-warmup-screen/outputs/traces/3090/inj-warmup-linear512-r2/injwarm-3090-gpu0-all/train_step_24/read_trace.jsonl,65843f2740dd115d437befb570f68fc8c0df2010efcb609e83a652640bcdf353
20260702-03-flash-vqg-injection-warmup-screen,3090,inj-warmup-linear512-r2,20260702-03-flash-vqg-injection-warmup-screen-inj-warmup-linear512-r2-s124-d123-b64ga4-3090-injwarm-3090-gpu0-all,256,441,64,2,2.0331563390791416,0.08018064498901367,1.8103896792745218,0.6266195082571357,0.291681170463562,5,zoology/experiments/flash_vqg/scripts/20260702-03-flash-vqg-injection-warmup-screen/outputs/traces/3090/inj-warmup-linear512-r2/injwarm-3090-gpu0-all/train_step_256/read_trace.jsonl,96aa7aa8784774c036b21e797014d82f4a115b5808fb713fc9dc8b74024d3ad8
20260702-03-flash-vqg-injection-warmup-screen,3090,inj-warmup-linear512-r2,20260702-03-flash-vqg-injection-warmup-screen-inj-warmup-linear512-r2-s124-d123-b64ga4-3090-injwarm-3090-gpu0-all,32,441,64,2,0.6017328547313809,0.06499660015106201,3.321776296943426,0.09933567681582645,0.04041308909654617,21,zoology/experiments/flash_vqg/scripts/20260702-03-flash-vqg-injection-warmup-screen/outputs/traces/3090/inj-warmup-linear512-r2/injwarm-3090-gpu0-all/train_step_32/read_trace.jsonl,930d4920d9232975d7e61e6ad492a49f51f2205de58813749483519261acdcc0
20260702-03-flash-vqg-injection-warmup-screen,3090,inj-warmup-linear512-r2,20260702-03-flash-vqg-injection-warmup-screen-inj-warmup-linear512-r2-s124-d123-b64ga4-3090-injwarm-3090-gpu0-all,384,441,64,2,1.1648389510810375,0.3018922805786133,2.7108082016929984,0.4769623982720077,0.2874715030193329,16,zoology/experiments/flash_vqg/scripts/20260702-03-flash-vqg-injection-warmup-screen/outputs/traces/3090/inj-warmup-linear512-r2/injwarm-3090-gpu0-all/train_step_384/read_trace.jsonl,c45ea134170fefd1a2458aed6b85655d97863ebc0fbf84473981d29a2707d1b4
20260702-03-flash-vqg-injection-warmup-screen,3090,inj-warmup-linear512-r2,20260702-03-flash-vqg-injection-warmup-screen-inj-warmup-linear512-r2-s124-d123-b64ga4-3090-injwarm-3090-gpu0-all,4,441,64,2,0.44351010117679834,0.048245012760162354,3.6703929863870144,0.03837097986252047,0.019278645515441895,39,zoology/experiments/flash_vqg/scripts/20260702-03-flash-vqg-injection-warmup-screen/outputs/traces/3090/inj-warmup-linear512-r2/injwarm-3090-gpu0-all/train_step_4/read_trace.jsonl,b9a3df3afef4646274a72895f1803d7db69eb08220c85e82405a59d86be845ff
20260702-03-flash-vqg-injection-warmup-screen,3090,inj-warmup-linear512-r2,20260702-03-flash-vqg-injection-warmup-screen-inj-warmup-linear512-r2-s124-d123-b64ga4-3090-injwarm-3090-gpu0-all,48,441,64,2,1.0625906679779291,0.06100666522979736,3.0636284481734037,0.23065777448937297,0.13595443964004517,15,zoology/experiments/flash_vqg/scripts/20260702-03-flash-vqg-injection-warmup-screen/outputs/traces/3090/inj-warmup-linear512-r2/injwarm-3090-gpu0-all/train_step_48/read_trace.jsonl,8a4b1292f4e9cddcbc4107abacb9ff52cba9ff71c0f654d6ae0781b1a40ee131
20260702-03-flash-vqg-injection-warmup-screen,3090,inj-warmup-linear512-r2,20260702-03-flash-vqg-injection-warmup-screen-inj-warmup-linear512-r2-s124-d123-b64ga4-3090-injwarm-3090-gpu0-all,512,441,64,2,1.4596120864152908,0.3118600845336914,2.201286381110549,0.5929524996317923,0.4111752510070801,19,zoology/experiments/flash_vqg/scripts/20260702-03-flash-vqg-injection-warmup-screen/outputs/traces/3090/inj-warmup-linear512-r2/injwarm-3090-gpu0-all/train_step_512/read_trace.jsonl,e86d0bf1cb89081bcccab76dacfd06a25e7ae88100aa6a5bc0bd888d2c55fd77
20260702-03-flash-vqg-injection-warmup-screen,3090,inj-warmup-linear512-r2,20260702-03-flash-vqg-injection-warmup-screen-inj-warmup-linear512-r2-s124-d123-b64ga4-3090-injwarm-3090-gpu0-all,64,441,64,2,0.7133854664862156,0.0573427677154541,3.339816592633724,0.25564563658554107,0.1494610607624054,18,zoology/experiments/flash_vqg/scripts/20260702-03-flash-vqg-injection-warmup-screen/outputs/traces/3090/inj-warmup-linear512-r2/injwarm-3090-gpu0-all/train_step_64/read_trace.jsonl,b01860e1c42a389ecfb54d435ef3f7a04eb2b225fd8b1fa2d7d1d18d884cd87a
20260702-03-flash-vqg-injection-warmup-screen,3090,inj-warmup-linear512-r2,20260702-03-flash-vqg-injection-warmup-screen-inj-warmup-linear512-r2-s124-d123-b64ga4-3090-injwarm-3090-gpu0-all,704,441,64,2,1.47793447971344,0.20804309844970703,2.0910282358527184,0.6108382525853813,0.39588531851768494,20,zoology/experiments/flash_vqg/scripts/20260702-03-flash-vqg-injection-warmup-screen/outputs/traces/3090/inj-warmup-linear512-r2/injwarm-3090-gpu0-all/train_step_704/read_trace.jsonl,a64c1b4d69e227ced2cc275c18577b0807145cbe1eecd1331f8c02615e51402e
20260702-03-flash-vqg-injection-warmup-screen,3090,inj-warmup-linear512-r2,20260702-03-flash-vqg-injection-warmup-screen-inj-warmup-linear512-r2-s124-d123-b64ga4-3090-injwarm-3090-gpu0-all,8,441,64,2,0.43764725187793374,0.03097677230834961,3.65395699813962,0.04149622065597214,0.01857583224773407,41,zoology/experiments/flash_vqg/scripts/20260702-03-flash-vqg-injection-warmup-screen/outputs/traces/3090/inj-warmup-linear512-r2/injwarm-3090-gpu0-all/train_step_8/read_trace.jsonl,1b9b222955043e7d5566d8ecafcf29879170929ffdfe9c07b354d0a9f5280701
20260702-03-flash-vqg-injection-warmup-screen,3090,inj-warmup-linear512-r2,20260702-03-flash-vqg-injection-warmup-screen-inj-warmup-linear512-r2-s124-d123-b64ga4-3090-injwarm-3090-gpu0-all,96,441,64,2,1.1935804896056652,0.06454229354858398,2.8974764980375767,0.3698116063605994,0.13826057314872742,17,zoology/experiments/flash_vqg/scripts/20260702-03-flash-vqg-injection-warmup-screen/outputs/traces/3090/inj-warmup-linear512-r2/injwarm-3090-gpu0-all/train_step_96/read_trace.jsonl,481bc2bdba1341f1f31637ca6cf43617c0940ccd092073948de5121e44a3fe91
20260702-03-flash-vqg-injection-warmup-screen,3090,inj-warmup-silent64-linear512-r2,20260702-03-flash-vqg-injection-warmup-screen-inj-warmup-silent64-linear512-r2-s124-d123-b64ga4-3090-injwarm-3090-gpu0-all,0,441,64,2,0.3896352266892791,0.02184927463531494,3.6807919703423977,0.03674592394963838,0.016145505011081696,40,zoology/experiments/flash_vqg/scripts/20260702-03-flash-vqg-injection-warmup-screen/outputs/traces/3090/inj-warmup-silent64-linear512-r2/injwarm-3090-gpu0-all/train_step_0/read_trace.jsonl,d518696c07cb371493af2493ca842117b00b9824801fe5b880c80f5325fa8f5d
20260702-03-flash-vqg-injection-warmup-screen,3090,inj-warmup-silent64-linear512-r2,20260702-03-flash-vqg-injection-warmup-screen-inj-warmup-silent64-linear512-r2-s124-d123-b64ga4-3090-injwarm-3090-gpu0-all,1,441,64,2,0.40362580586224794,0.034504055976867676,3.679911781102419,0.03686641551030334,0.016610726714134216,40,zoology/experiments/flash_vqg/scripts/20260702-03-flash-vqg-injection-warmup-screen/outputs/traces/3090/inj-warmup-silent64-linear512-r2/injwarm-3090-gpu0-all/train_step_1/read_trace.jsonl,4d6eca57331408a5335bc90c55b9f45252a882ab8e66eef305655efcab80696f
20260702-03-flash-vqg-injection-warmup-screen,3090,inj-warmup-silent64-linear512-r2,20260702-03-flash-vqg-injection-warmup-screen-inj-warmup-silent64-linear512-r2-s124-d123-b64ga4-3090-injwarm-3090-gpu0-all,128,441,64,2,1.8709500208497047,0.0480799674987793,2.35492117900867,0.4917690810980275,0.13792100548744202,12,zoology/experiments/flash_vqg/scripts/20260702-03-flash-vqg-injection-warmup-screen/outputs/traces/3090/inj-warmup-silent64-linear512-r2/injwarm-3090-gpu0-all/train_step_128/read_trace.jsonl,8c120aace2d447bec9339b7d61bcb3cda925fcbaa29eb102895881771abbab50
20260702-03-flash-vqg-injection-warmup-screen,3090,inj-warmup-silent64-linear512-r2,20260702-03-flash-vqg-injection-warmup-screen-inj-warmup-silent64-linear512-r2-s124-d123-b64ga4-3090-injwarm-3090-gpu0-all,16,441,64,2,0.42076135287061334,0.03191089630126953,3.58336728066206,0.053353275143308565,0.016133354976773262,33,zoology/experiments/flash_vqg/scripts/20260702-03-flash-vqg-injection-warmup-screen/outputs/traces/3090/inj-warmup-silent64-linear512-r2/injwarm-3090-gpu0-all/train_step_16/read_trace.jsonl,2ab0ab97f6b18a830070ae8b9bd8522c5c30c183e2b55353ec93d73f9dec9b8a
20260702-03-flash-vqg-injection-warmup-screen,3090,inj-warmup-silent64-linear512-r2,20260702-03-flash-vqg-injection-warmup-screen-inj-warmup-silent64-linear512-r2-s124-d123-b64ga4-3090-injwarm-3090-gpu0-all,192,441,64,2,2.83392396196723,0.07862234115600586,2.1051479691814166,0.540423400583677,0.10782398283481598,6,zoology/experiments/flash_vqg/scripts/20260702-03-flash-vqg-injection-warmup-screen/outputs/traces/3090/inj-warmup-silent64-linear512-r2/injwarm-3090-gpu0-all/train_step_192/read_trace.jsonl,e5b8bdfc9f86d219716133a7d5bd605f3ae4ddb3f117bb212856e61778a9df90
20260702-03-flash-vqg-injection-warmup-screen,3090,inj-warmup-silent64-linear512-r2,20260702-03-flash-vqg-injection-warmup-screen-inj-warmup-silent64-linear512-r2-s124-d123-b64ga4-3090-injwarm-3090-gpu0-all,2,441,64,2,0.42183407489210367,0.017175793647766113,3.6771405413746834,0.0372247715422418,0.017135417088866234,41,zoology/experiments/flash_vqg/scripts/20260702-03-flash-vqg-injection-warmup-screen/outputs/traces/3090/inj-warmup-silent64-linear512-r2/injwarm-3090-gpu0-all/train_step_2/read_trace.jsonl,615323879e7d6a5f0924f572475f7d380d8db020685b382ce6e5a7a0c116bf13
20260702-03-flash-vqg-injection-warmup-screen,3090,inj-warmup-silent64-linear512-r2,20260702-03-flash-vqg-injection-warmup-screen-inj-warmup-silent64-linear512-r2-s124-d123-b64ga4-3090-injwarm-3090-gpu0-all,24,441,64,2,0.5043558552861214,0.02328437566757202,3.4608958810567856,0.0744805337744765,0.02397291362285614,28,zoology/experiments/flash_vqg/scripts/20260702-03-flash-vqg-injection-warmup-screen/outputs/traces/3090/inj-warmup-silent64-linear512-r2/injwarm-3090-gpu0-all/train_step_24/read_trace.jsonl,c8fb9caf02d0bea2465aecb6abe53848d0c3dafb02da364c6f7877c0431a5984
20260702-03-flash-vqg-injection-warmup-screen,3090,inj-warmup-silent64-linear512-r2,20260702-03-flash-vqg-injection-warmup-screen-inj-warmup-silent64-linear512-r2-s124-d123-b64ga4-3090-injwarm-3090-gpu0-all,256,441,64,2,1.8508610799908638,0.11505746841430664,1.7570575107820332,0.6989742373116314,0.499994158744812,4,zoology/experiments/flash_vqg/scripts/20260702-03-flash-vqg-injection-warmup-screen/outputs/traces/3090/inj-warmup-silent64-linear512-r2/injwarm-3090-gpu0-all/train_step_256/read_trace.jsonl,22da70e3cc2e274eabc32dcd5e7ab2e526bb883c4fbafd6e93a2d8f971b2895b
20260702-03-flash-vqg-injection-warmup-screen,3090,inj-warmup-silent64-linear512-r2,20260702-03-flash-vqg-injection-warmup-screen-inj-warmup-silent64-linear512-r2-s124-d123-b64ga4-3090-injwarm-3090-gpu0-all,32,441,64,2,0.6016562879085541,0.06434732675552368,3.321992516517639,0.09941656832234003,0.04052466154098511,21,zoology/experiments/flash_vqg/scripts/20260702-03-flash-vqg-injection-warmup-screen/outputs/traces/3090/inj-warmup-silent64-linear512-r2/injwarm-3090-gpu0-all/train_step_32/read_trace.jsonl,613476be29dffb3b892327c32322538e15f45bd12d8a34d8487958be54178817
20260702-03-flash-vqg-injection-warmup-screen,3090,inj-warmup-silent64-linear512-r2,20260702-03-flash-vqg-injection-warmup-screen-inj-warmup-silent64-linear512-r2-s124-d123-b64ga4-3090-injwarm-3090-gpu0-all,384,441,64,2,2.9491496831178665,0.8103981018066406,1.0116914194077253,0.8086714083328843,0.5988808870315552,14,zoology/experiments/flash_vqg/scripts/20260702-03-flash-vqg-injection-warmup-screen/outputs/traces/3090/inj-warmup-silent64-linear512-r2/injwarm-3090-gpu0-all/train_step_384/read_trace.jsonl,f4a972da3edb9ab2496923de415c0c80a625b80b6335acde8eccc56f987b7a78
20260702-03-flash-vqg-injection-warmup-screen,3090,inj-warmup-silent64-linear512-r2,20260702-03-flash-vqg-injection-warmup-screen-inj-warmup-silent64-linear512-r2-s124-d123-b64ga4-3090-injwarm-3090-gpu0-all,4,441,64,2,0.4434977388009429,0.0482860803604126,3.670393005013466,0.03837086385465227,0.019279129803180695,39,zoology/experiments/flash_vqg/scripts/20260702-03-flash-vqg-injection-warmup-screen/outputs/traces/3090/inj-warmup-silent64-linear512-r2/injwarm-3090-gpu0-all/train_step_4/read_trace.jsonl,9142c11d63cb91d42a54c65e1b3e4a8ab7b93dfd0fb078f29479ca3aecf2ddca
20260702-03-flash-vqg-injection-warmup-screen,3090,inj-warmup-silent64-linear512-r2,20260702-03-flash-vqg-injection-warmup-screen-inj-warmup-silent64-linear512-r2-s124-d123-b64ga4-3090-injwarm-3090-gpu0-all,48,441,64,2,1.0543930884450674,0.051347196102142334,3.0713411075994372,0.23017330351285636,0.1350100040435791,15,zoology/experiments/flash_vqg/scripts/20260702-03-flash-vqg-injection-warmup-screen/outputs/traces/3090/inj-warmup-silent64-linear512-r2/injwarm-3090-gpu0-all/train_step_48/read_trace.jsonl,54d962b72b3cf6e390a408db7707cbea9b9a9da22da9395ec164d84186d780ea
20260702-03-flash-vqg-injection-warmup-screen,3090,inj-warmup-silent64-linear512-r2,20260702-03-flash-vqg-injection-warmup-screen-inj-warmup-silent64-linear512-r2-s124-d123-b64ga4-3090-injwarm-3090-gpu0-all,512,441,64,2,2.882959060370922,1.8713412284851074,1.2141740750521421,0.7771927332505584,0.684773325920105,14,zoology/experiments/flash_vqg/scripts/20260702-03-flash-vqg-injection-warmup-screen/outputs/traces/3090/inj-warmup-silent64-linear512-r2/injwarm-3090-gpu0-all/train_step_512/read_trace.jsonl,2ccea5e83cae9915b91189fd206c4931876e3648331fe5ba37007ae79353a6e5
20260702-03-flash-vqg-injection-warmup-screen,3090,inj-warmup-silent64-linear512-r2,20260702-03-flash-vqg-injection-warmup-screen-inj-warmup-silent64-linear512-r2-s124-d123-b64ga4-3090-injwarm-3090-gpu0-all,64,441,64,2,0.6848738733679056,0.046213388442993164,3.3646410200744867,0.24909317353740335,0.14886847138404846,18,zoology/experiments/flash_vqg/scripts/20260702-03-flash-vqg-injection-warmup-screen/outputs/traces/3090/inj-warmup-silent64-linear512-r2/injwarm-3090-gpu0-all/train_step_64/read_trace.jsonl,3325cff5f1618e430bbf4ca72f45f336933e48213e5a2c6f4b027ac189da8a21
20260702-03-flash-vqg-injection-warmup-screen,3090,inj-warmup-silent64-linear512-r2,20260702-03-flash-vqg-injection-warmup-screen-inj-warmup-silent64-linear512-r2-s124-d123-b64ga4-3090-injwarm-3090-gpu0-all,704,441,64,2,2.9312454350292683,1.5497617721557617,1.1669901059940457,0.7893513990566134,0.715132474899292,15,zoology/experiments/flash_vqg/scripts/20260702-03-flash-vqg-injection-warmup-screen/outputs/traces/3090/inj-warmup-silent64-linear512-r2/injwarm-3090-gpu0-all/train_step_704/read_trace.jsonl,3d4f93d71b8cbe110b9ecb5d9b8012c9a5e92752f19e0c06a4ee69a2ba0430fa
20260702-03-flash-vqg-injection-warmup-screen,3090,inj-warmup-silent64-linear512-r2,20260702-03-flash-vqg-injection-warmup-screen-inj-warmup-silent64-linear512-r2-s124-d123-b64ga4-3090-injwarm-3090-gpu0-all,8,441,64,2,0.43762568524107337,0.03078758716583252,3.653960444033146,0.04149529010464903,0.018575143069028854,41,zoology/experiments/flash_vqg/scripts/20260702-03-flash-vqg-injection-warmup-screen/outputs/traces/3090/inj-warmup-silent64-linear512-r2/injwarm-3090-gpu0-all/train_step_8/read_trace.jsonl,1dcd67d5c5cfa7f4ac43f516fb5826fb51b31e83960a7a450d56580720cad44e
20260702-03-flash-vqg-injection-warmup-screen,3090,inj-warmup-silent64-linear512-r2,20260702-03-flash-vqg-injection-warmup-screen-inj-warmup-silent64-linear512-r2-s124-d123-b64ga4-3090-injwarm-3090-gpu0-all,96,441,64,2,1.1865251753479242,0.08741879463195801,2.8904892737045884,0.3715649633668363,0.14567919075489044,15,zoology/experiments/flash_vqg/scripts/20260702-03-flash-vqg-injection-warmup-screen/outputs/traces/3090/inj-warmup-silent64-linear512-r2/injwarm-3090-gpu0-all/train_step_96/read_trace.jsonl,c1f2486b4de6b37a94e9af7cecfc16a21b887121b5676da11db61393291b2939
