experiment_id,source_machine,source_host,source_path,mirror_path,sha256,file_size,status
20260625-01-flash-vqg-early-window-trace,2080ti,mclab-2080ti,/home/lyj/mnt/project/zoology/zoology/experiments/flash_vqg/scripts/20260625-01-flash-vqg-early-window-trace/outputs/2080ti-smoke-20260624T171008Z/queue-status.tsv,/home/lyj/mnt/project/zoology/zoology/experiments/flash_vqg/scripts/20260625-01-flash-vqg-early-window-trace/outputs/2080ti-smoke-20260624T171008Z/queue-status.tsv,1395ddf7ccab04894f034870c98314cd5da911f40ff7802ed0b6773630ec5ce7,1720,source-local
20260625-01-flash-vqg-early-window-trace,2080ti,mclab-2080ti,/home/lyj/mnt/project/zoology/zoology/experiments/flash_vqg/scripts/20260625-01-flash-vqg-early-window-trace/outputs/2080ti-smoke-20260625T005400Z/queue-status.tsv,/home/lyj/mnt/project/zoology/zoology/experiments/flash_vqg/scripts/20260625-01-flash-vqg-early-window-trace/outputs/2080ti-smoke-20260625T005400Z/queue-status.tsv,598285a3ce92c25be5c8c6ea135dcc84708f3279773ee77c6375a2d2053979d5,472,source-local
20260625-01-flash-vqg-early-window-trace,2080ti,mclab-2080ti,/home/lyj/mnt/project/zoology/zoology/experiments/flash_vqg/scripts/20260625-01-flash-vqg-early-window-trace/outputs/2080ti-smoke-20260625T010700Z/queue-status.tsv,/home/lyj/mnt/project/zoology/zoology/experiments/flash_vqg/scripts/20260625-01-flash-vqg-early-window-trace/outputs/2080ti-smoke-20260625T010700Z/queue-status.tsv,f2f2b614f29b321e607005235fba5e36fff370acfd1ea023b8974b51af7c70a4,1720,source-local
20260625-01-flash-vqg-early-window-trace,2080ti,mclab-2080ti,/home/lyj/mnt/project/zoology/zoology/experiments/flash_vqg/scripts/20260625-01-flash-vqg-early-window-trace/outputs/2080ti-smoke-20260625T011900Z/queue-status.tsv,/home/lyj/mnt/project/zoology/zoology/experiments/flash_vqg/scripts/20260625-01-flash-vqg-early-window-trace/outputs/2080ti-smoke-20260625T011900Z/queue-status.tsv,f4c5fa7fdeb2f7967507595319c3ab83565e4a3a6b2f6e7e8ec6cd1da36ecd44,1720,source-local
20260625-01-flash-vqg-early-window-trace,2080ti,mclab-2080ti,/home/lyj/mnt/project/zoology/zoology/experiments/flash_vqg/scripts/20260625-01-flash-vqg-early-window-trace/outputs/2080ti-wave1-20260625T012500Z/queue-status.tsv,/home/lyj/mnt/project/zoology/zoology/experiments/flash_vqg/scripts/20260625-01-flash-vqg-early-window-trace/outputs/2080ti-wave1-20260625T012500Z/queue-status.tsv,528da20f7d4262fcf5c7fff3e279c8555c824b555732d6e7d032858f3c25dff8,1654,source-local
20260625-01-flash-vqg-early-window-trace,3090,mclab-3090,mclab-3090:/home/lyj/mnt/project/zoology/zoology/experiments/flash_vqg/scripts/20260625-01-flash-vqg-early-window-trace/outputs/3090-smoke-20260625T012100Z/queue-status.tsv,/home/lyj/mnt/project/zoology/zoology/experiments/flash_vqg/scripts/20260625-01-flash-vqg-early-window-trace/outputs/3090-smoke-20260625T012100Z/queue-status.tsv,666f6c37e5ba7d82f7435ce60daf55b478b0c1b620342b69082d26bcf17a93e8,1704,mirrored-to-2080ti
20260625-01-flash-vqg-early-window-trace,3090,mclab-3090,mclab-3090:/home/lyj/mnt/project/zoology/zoology/experiments/flash_vqg/scripts/20260625-01-flash-vqg-early-window-trace/outputs/3090-wave1-20260625T012500Z/queue-status.tsv,/home/lyj/mnt/project/zoology/zoology/experiments/flash_vqg/scripts/20260625-01-flash-vqg-early-window-trace/outputs/3090-wave1-20260625T012500Z/queue-status.tsv,1722cec3b6e032f6285b7f416b0914357f9569db4bd7661b173ce65e572fc46a,2415,mirrored-to-2080ti
20260625-01-flash-vqg-early-window-trace,2080ti,mclab-2080ti,/home/lyj/mnt/project/zoology/zoology/experiments/flash_vqg/scripts/20260625-01-flash-vqg-early-window-trace/outputs/2080ti-smoke-20260625T005400Z/queue.log,/home/lyj/mnt/project/zoology/zoology/experiments/flash_vqg/scripts/20260625-01-flash-vqg-early-window-trace/outputs/2080ti-smoke-20260625T005400Z/queue.log,701a472d5b0cdf3f30bb7ad64628a8ce111134d28de400237b0cebaa14809112,404,source-local
20260625-01-flash-vqg-early-window-trace,2080ti,mclab-2080ti,/home/lyj/mnt/project/zoology/zoology/experiments/flash_vqg/scripts/20260625-01-flash-vqg-early-window-trace/outputs/2080ti-smoke-20260625T010500Z/queue.log,/home/lyj/mnt/project/zoology/zoology/experiments/flash_vqg/scripts/20260625-01-flash-vqg-early-window-trace/outputs/2080ti-smoke-20260625T010500Z/queue.log,e3b0c44298fc1c149afbf4c8996fb92427ae41e4649b934ca495991b7852b855,0,source-local
20260625-01-flash-vqg-early-window-trace,2080ti,mclab-2080ti,/home/lyj/mnt/project/zoology/zoology/experiments/flash_vqg/scripts/20260625-01-flash-vqg-early-window-trace/outputs/2080ti-smoke-20260625T011100Z/queue.log,/home/lyj/mnt/project/zoology/zoology/experiments/flash_vqg/scripts/20260625-01-flash-vqg-early-window-trace/outputs/2080ti-smoke-20260625T011100Z/queue.log,4a6649482fb85d93eecc94c4bda62adc8dbb0c38f0bf18c92d4207943d0cc895,805,source-local
20260625-01-flash-vqg-early-window-trace,2080ti,mclab-2080ti,/home/lyj/mnt/project/zoology/zoology/experiments/flash_vqg/scripts/20260625-01-flash-vqg-early-window-trace/outputs/2080ti-smoke-20260625T011900Z/queue.log,/home/lyj/mnt/project/zoology/zoology/experiments/flash_vqg/scripts/20260625-01-flash-vqg-early-window-trace/outputs/2080ti-smoke-20260625T011900Z/queue.log,e884c3c591e9d71bfd399b9652ddedf203c7c77902004281c744948a7f4e90c8,805,source-local
20260625-01-flash-vqg-early-window-trace,2080ti,mclab-2080ti,/home/lyj/mnt/project/zoology/zoology/experiments/flash_vqg/scripts/20260625-01-flash-vqg-early-window-trace/outputs/2080ti-wave1-20260625T012500Z/queue.log,/home/lyj/mnt/project/zoology/zoology/experiments/flash_vqg/scripts/20260625-01-flash-vqg-early-window-trace/outputs/2080ti-wave1-20260625T012500Z/queue.log,239a0d4b6c06d567fe3536253c703c43b607b1dc1a49ef03fe855e6b95dc5dee,772,source-local
20260625-01-flash-vqg-early-window-trace,3090,mclab-3090,mclab-3090:/home/lyj/mnt/project/zoology/zoology/experiments/flash_vqg/scripts/20260625-01-flash-vqg-early-window-trace/outputs/3090-smoke-20260625T012100Z/queue.log,/home/lyj/mnt/project/zoology/zoology/experiments/flash_vqg/scripts/20260625-01-flash-vqg-early-window-trace/outputs/3090-smoke-20260625T012100Z/queue.log,d79c692b03298c2d37900d69ce963d2747642a4fa30cd690e52d207badb5449b,797,mirrored-to-2080ti
20260625-01-flash-vqg-early-window-trace,3090,mclab-3090,mclab-3090:/home/lyj/mnt/project/zoology/zoology/experiments/flash_vqg/scripts/20260625-01-flash-vqg-early-window-trace/outputs/3090-wave1-20260625T012500Z/queue.log,/home/lyj/mnt/project/zoology/zoology/experiments/flash_vqg/scripts/20260625-01-flash-vqg-early-window-trace/outputs/3090-wave1-20260625T012500Z/queue.log,37b7a450f288c5fd2f6f6cf0a2463d25d516ad5a9e9712fb80bfe9106d100d71,1143,mirrored-to-2080ti
20260625-01-flash-vqg-early-window-trace,2080ti,mclab-2080ti,/home/lyj/mnt/project/zoology/zoology/experiments/flash_vqg/scripts/20260625-01-flash-vqg-early-window-trace/outputs/2080ti-smoke-20260624T171008Z/logs/smoke-default-s123.log,/home/lyj/mnt/project/zoology/zoology/experiments/flash_vqg/scripts/20260625-01-flash-vqg-early-window-trace/outputs/2080ti-smoke-20260624T171008Z/logs/smoke-default-s123.log,95c4484ab583402f1ded4cf71f2b797688124351c18d10cc0527ea03e4acae31,43293,source-local
20260625-01-flash-vqg-early-window-trace,2080ti,mclab-2080ti,/home/lyj/mnt/project/zoology/zoology/experiments/flash_vqg/scripts/20260625-01-flash-vqg-early-window-trace/outputs/2080ti-smoke-20260624T171008Z/logs/smoke-hard04-s123.log,/home/lyj/mnt/project/zoology/zoology/experiments/flash_vqg/scripts/20260625-01-flash-vqg-early-window-trace/outputs/2080ti-smoke-20260624T171008Z/logs/smoke-hard04-s123.log,1fc02b06a1b4572be71a57bd7cb24e2d1c815127b7016a1029dbb858e8779cd8,43483,source-local
20260625-01-flash-vqg-early-window-trace,2080ti,mclab-2080ti,/home/lyj/mnt/project/zoology/zoology/experiments/flash_vqg/scripts/20260625-01-flash-vqg-early-window-trace/outputs/2080ti-smoke-20260625T005400Z/logs/smoke-default-s123.log,/home/lyj/mnt/project/zoology/zoology/experiments/flash_vqg/scripts/20260625-01-flash-vqg-early-window-trace/outputs/2080ti-smoke-20260625T005400Z/logs/smoke-default-s123.log,e3b0c44298fc1c149afbf4c8996fb92427ae41e4649b934ca495991b7852b855,0,source-local
20260625-01-flash-vqg-early-window-trace,2080ti,mclab-2080ti,/home/lyj/mnt/project/zoology/zoology/experiments/flash_vqg/scripts/20260625-01-flash-vqg-early-window-trace/outputs/2080ti-smoke-20260625T010700Z/logs/smoke-default-s123.log,/home/lyj/mnt/project/zoology/zoology/experiments/flash_vqg/scripts/20260625-01-flash-vqg-early-window-trace/outputs/2080ti-smoke-20260625T010700Z/logs/smoke-default-s123.log,aa08b61e6f71bed429628fe6d48d25009a1fc9bc41e52627d33204879acf47b7,43293,source-local
20260625-01-flash-vqg-early-window-trace,2080ti,mclab-2080ti,/home/lyj/mnt/project/zoology/zoology/experiments/flash_vqg/scripts/20260625-01-flash-vqg-early-window-trace/outputs/2080ti-smoke-20260625T010700Z/logs/smoke-hard04-s123.log,/home/lyj/mnt/project/zoology/zoology/experiments/flash_vqg/scripts/20260625-01-flash-vqg-early-window-trace/outputs/2080ti-smoke-20260625T010700Z/logs/smoke-hard04-s123.log,ad076dab5feace77a86cdcf6fb2ca42491b35a6ff88b4066f2a2ac239eb3260b,43483,source-local
20260625-01-flash-vqg-early-window-trace,2080ti,mclab-2080ti,/home/lyj/mnt/project/zoology/zoology/experiments/flash_vqg/scripts/20260625-01-flash-vqg-early-window-trace/outputs/2080ti-smoke-20260625T011900Z/logs/smoke-default-s123.log,/home/lyj/mnt/project/zoology/zoology/experiments/flash_vqg/scripts/20260625-01-flash-vqg-early-window-trace/outputs/2080ti-smoke-20260625T011900Z/logs/smoke-default-s123.log,11e2c00d5748f74fc796c32426208442c2afe775dc914bdae31080d22d8c41c5,43293,source-local
20260625-01-flash-vqg-early-window-trace,2080ti,mclab-2080ti,/home/lyj/mnt/project/zoology/zoology/experiments/flash_vqg/scripts/20260625-01-flash-vqg-early-window-trace/outputs/2080ti-smoke-20260625T011900Z/logs/smoke-hard04-s123.log,/home/lyj/mnt/project/zoology/zoology/experiments/flash_vqg/scripts/20260625-01-flash-vqg-early-window-trace/outputs/2080ti-smoke-20260625T011900Z/logs/smoke-hard04-s123.log,6dbbd12d1935978258ebdba967b0ad1cd3304cc639d858e356a58fcf5a68111b,43483,source-local
20260625-01-flash-vqg-early-window-trace,2080ti,mclab-2080ti,/home/lyj/mnt/project/zoology/zoology/experiments/flash_vqg/scripts/20260625-01-flash-vqg-early-window-trace/outputs/2080ti-wave1-20260625T012500Z/logs/default-s123.log,/home/lyj/mnt/project/zoology/zoology/experiments/flash_vqg/scripts/20260625-01-flash-vqg-early-window-trace/outputs/2080ti-wave1-20260625T012500Z/logs/default-s123.log,49ba17afc513cfa4022580d30db85e4acf258d597ac99c4341d2f562f233b1da,2414042,source-local
20260625-01-flash-vqg-early-window-trace,2080ti,mclab-2080ti,/home/lyj/mnt/project/zoology/zoology/experiments/flash_vqg/scripts/20260625-01-flash-vqg-early-window-trace/outputs/2080ti-wave1-20260625T012500Z/logs/default-s124.log,/home/lyj/mnt/project/zoology/zoology/experiments/flash_vqg/scripts/20260625-01-flash-vqg-early-window-trace/outputs/2080ti-wave1-20260625T012500Z/logs/default-s124.log,b1d233bd1111b3ac8408449f77c2bde767675b3177d0910ebb4bfa2caeee09b0,2398159,source-local
20260625-01-flash-vqg-early-window-trace,3090,mclab-3090,mclab-3090:/home/lyj/mnt/project/zoology/zoology/experiments/flash_vqg/scripts/20260625-01-flash-vqg-early-window-trace/outputs/3090-smoke-20260625T012100Z/logs/smoke-default-s123.log,/home/lyj/mnt/project/zoology/zoology/experiments/flash_vqg/scripts/20260625-01-flash-vqg-early-window-trace/outputs/3090-smoke-20260625T012100Z/logs/smoke-default-s123.log,b5d4973d5eece9c5aa5eed9298ab30bbf5541603584861c0d6d9830728c5626f,43166,mirrored-to-2080ti
20260625-01-flash-vqg-early-window-trace,3090,mclab-3090,mclab-3090:/home/lyj/mnt/project/zoology/zoology/experiments/flash_vqg/scripts/20260625-01-flash-vqg-early-window-trace/outputs/3090-smoke-20260625T012100Z/logs/smoke-hard04-s123.log,/home/lyj/mnt/project/zoology/zoology/experiments/flash_vqg/scripts/20260625-01-flash-vqg-early-window-trace/outputs/3090-smoke-20260625T012100Z/logs/smoke-hard04-s123.log,ece5fadda5c79318a6bbb7828ab15b23d7815dbf8ead745ec199045769a5e5ae,43356,mirrored-to-2080ti
20260625-01-flash-vqg-early-window-trace,3090,mclab-3090,mclab-3090:/home/lyj/mnt/project/zoology/zoology/experiments/flash_vqg/scripts/20260625-01-flash-vqg-early-window-trace/outputs/3090-wave1-20260625T012500Z/logs/default-s123.log,/home/lyj/mnt/project/zoology/zoology/experiments/flash_vqg/scripts/20260625-01-flash-vqg-early-window-trace/outputs/3090-wave1-20260625T012500Z/logs/default-s123.log,d692953d1c6cff414fb7295c3ab08b907e83054847bd7958b3c0e3047c22eb29,2421796,mirrored-to-2080ti
20260625-01-flash-vqg-early-window-trace,3090,mclab-3090,mclab-3090:/home/lyj/mnt/project/zoology/zoology/experiments/flash_vqg/scripts/20260625-01-flash-vqg-early-window-trace/outputs/3090-wave1-20260625T012500Z/logs/default-s124.log,/home/lyj/mnt/project/zoology/zoology/experiments/flash_vqg/scripts/20260625-01-flash-vqg-early-window-trace/outputs/3090-wave1-20260625T012500Z/logs/default-s124.log,d8ef6c9b2829da3b32693849a15608a2a112b0153d38ad8d05030796fdc1a4ac,2366413,mirrored-to-2080ti
20260625-01-flash-vqg-early-window-trace,3090,mclab-3090,mclab-3090:/home/lyj/mnt/project/zoology/zoology/experiments/flash_vqg/scripts/20260625-01-flash-vqg-early-window-trace/outputs/3090-wave1-20260625T012500Z/logs/hard04-s123.log,/home/lyj/mnt/project/zoology/zoology/experiments/flash_vqg/scripts/20260625-01-flash-vqg-early-window-trace/outputs/3090-wave1-20260625T012500Z/logs/hard04-s123.log,75dd2d3e267065081c95317d3bee3b38deb66913751a650fddfab15b903e19c6,2424177,mirrored-to-2080ti
20260625-01-flash-vqg-early-window-trace,2080ti,mclab-2080ti,/home/lyj/mnt/project/zoology/zoology/experiments/flash_vqg/scripts/20260625-01-flash-vqg-early-window-trace/outputs/traces/2080ti/default-s123/early_window_metrics.jsonl,/home/lyj/mnt/project/zoology/zoology/experiments/flash_vqg/scripts/20260625-01-flash-vqg-early-window-trace/outputs/traces/2080ti/default-s123/early_window_metrics.jsonl,bb985b5e497f31141abb7130366ba5bb274801fa36ffd1973afce58210a1a363,91822,source-local
20260625-01-flash-vqg-early-window-trace,2080ti,mclab-2080ti,/home/lyj/mnt/project/zoology/zoology/experiments/flash_vqg/scripts/20260625-01-flash-vqg-early-window-trace/outputs/traces/2080ti/default-s124/early_window_metrics.jsonl,/home/lyj/mnt/project/zoology/zoology/experiments/flash_vqg/scripts/20260625-01-flash-vqg-early-window-trace/outputs/traces/2080ti/default-s124/early_window_metrics.jsonl,5766d101dced845fc3075679b982424312f1ab71c77ccbe0f8836ec53ed10028,91739,source-local
20260625-01-flash-vqg-early-window-trace,2080ti,mclab-2080ti,/home/lyj/mnt/project/zoology/zoology/experiments/flash_vqg/scripts/20260625-01-flash-vqg-early-window-trace/outputs/traces/2080ti/smoke-default-s123/early_window_metrics.jsonl,/home/lyj/mnt/project/zoology/zoology/experiments/flash_vqg/scripts/20260625-01-flash-vqg-early-window-trace/outputs/traces/2080ti/smoke-default-s123/early_window_metrics.jsonl,1d58397b728ce27bde3347b9483d9434f62d10c44e1d2829195fd76049e962ef,155928,source-local
20260625-01-flash-vqg-early-window-trace,2080ti,mclab-2080ti,/home/lyj/mnt/project/zoology/zoology/experiments/flash_vqg/scripts/20260625-01-flash-vqg-early-window-trace/outputs/traces/2080ti/smoke-hard04-s123/early_window_metrics.jsonl,/home/lyj/mnt/project/zoology/zoology/experiments/flash_vqg/scripts/20260625-01-flash-vqg-early-window-trace/outputs/traces/2080ti/smoke-hard04-s123/early_window_metrics.jsonl,711e6a74c87614b1d5e35fada20e426381e9ff1d43b08cede9706258b1871317,117459,source-local
20260625-01-flash-vqg-early-window-trace,3090,mclab-3090,mclab-3090:/home/lyj/mnt/project/zoology/zoology/experiments/flash_vqg/scripts/20260625-01-flash-vqg-early-window-trace/outputs/traces/3090/default-s123/early_window_metrics.jsonl,/home/lyj/mnt/project/zoology/zoology/experiments/flash_vqg/scripts/20260625-01-flash-vqg-early-window-trace/outputs/traces/3090/default-s123/early_window_metrics.jsonl,05841ef80b8a675549a3bbdd9fef6777617c1acadd622dab29a8270a05e73eb1,91687,mirrored-to-2080ti
20260625-01-flash-vqg-early-window-trace,3090,mclab-3090,mclab-3090:/home/lyj/mnt/project/zoology/zoology/experiments/flash_vqg/scripts/20260625-01-flash-vqg-early-window-trace/outputs/traces/3090/default-s124/early_window_metrics.jsonl,/home/lyj/mnt/project/zoology/zoology/experiments/flash_vqg/scripts/20260625-01-flash-vqg-early-window-trace/outputs/traces/3090/default-s124/early_window_metrics.jsonl,2ec14fad81112c4911bddec619d2e80c6f810cf389ce350247746e325a7451de,91782,mirrored-to-2080ti
20260625-01-flash-vqg-early-window-trace,3090,mclab-3090,mclab-3090:/home/lyj/mnt/project/zoology/zoology/experiments/flash_vqg/scripts/20260625-01-flash-vqg-early-window-trace/outputs/traces/3090/hard04-s123/early_window_metrics.jsonl,/home/lyj/mnt/project/zoology/zoology/experiments/flash_vqg/scripts/20260625-01-flash-vqg-early-window-trace/outputs/traces/3090/hard04-s123/early_window_metrics.jsonl,4d87bf2b6c67fb031b3d861d056ad71a55b99c75d9bb3da75140fff6ad21d295,93370,mirrored-to-2080ti
20260625-01-flash-vqg-early-window-trace,3090,mclab-3090,mclab-3090:/home/lyj/mnt/project/zoology/zoology/experiments/flash_vqg/scripts/20260625-01-flash-vqg-early-window-trace/outputs/traces/3090/smoke-default-s123/early_window_metrics.jsonl,/home/lyj/mnt/project/zoology/zoology/experiments/flash_vqg/scripts/20260625-01-flash-vqg-early-window-trace/outputs/traces/3090/smoke-default-s123/early_window_metrics.jsonl,fc5c64246edf712ee3dd0767a90e24a60b08c11d36b89370041b51ed18232fb6,38969,mirrored-to-2080ti
20260625-01-flash-vqg-early-window-trace,3090,mclab-3090,mclab-3090:/home/lyj/mnt/project/zoology/zoology/experiments/flash_vqg/scripts/20260625-01-flash-vqg-early-window-trace/outputs/traces/3090/smoke-hard04-s123/early_window_metrics.jsonl,/home/lyj/mnt/project/zoology/zoology/experiments/flash_vqg/scripts/20260625-01-flash-vqg-early-window-trace/outputs/traces/3090/smoke-hard04-s123/early_window_metrics.jsonl,d2fabab21fd5128f717fbcc3f29ba743b03199be956f8139e9c75c59f293337c,39103,mirrored-to-2080ti
20260625-01-flash-vqg-early-window-trace,2080ti,mclab-2080ti,/home/lyj/mnt/project/zoology/zoology/experiments/flash_vqg/scripts/20260625-01-flash-vqg-early-window-trace/outputs/traces/2080ti/default-s123/train_step_0/read_trace.jsonl,/home/lyj/mnt/project/zoology/zoology/experiments/flash_vqg/scripts/20260625-01-flash-vqg-early-window-trace/outputs/traces/2080ti/default-s123/train_step_0/read_trace.jsonl,3b0dc9f71696d0320bf8c903f06a5a6cd5234d6fd96cbb583120641173fe3730,36179,source-local
20260625-01-flash-vqg-early-window-trace,2080ti,mclab-2080ti,/home/lyj/mnt/project/zoology/zoology/experiments/flash_vqg/scripts/20260625-01-flash-vqg-early-window-trace/outputs/traces/2080ti/default-s123/train_step_130/read_trace.jsonl,/home/lyj/mnt/project/zoology/zoology/experiments/flash_vqg/scripts/20260625-01-flash-vqg-early-window-trace/outputs/traces/2080ti/default-s123/train_step_130/read_trace.jsonl,0603151b00b6716976a0abf31e28de959ea269276a6b9b4ece60d2b29f3e44ac,35931,source-local
20260625-01-flash-vqg-early-window-trace,2080ti,mclab-2080ti,/home/lyj/mnt/project/zoology/zoology/experiments/flash_vqg/scripts/20260625-01-flash-vqg-early-window-trace/outputs/traces/2080ti/default-s123/train_step_203/read_trace.jsonl,/home/lyj/mnt/project/zoology/zoology/experiments/flash_vqg/scripts/20260625-01-flash-vqg-early-window-trace/outputs/traces/2080ti/default-s123/train_step_203/read_trace.jsonl,1bae73433b61629f4d9c2f7f83af94acd1955545322931c7538a4fe565d3e4b7,36221,source-local
20260625-01-flash-vqg-early-window-trace,2080ti,mclab-2080ti,/home/lyj/mnt/project/zoology/zoology/experiments/flash_vqg/scripts/20260625-01-flash-vqg-early-window-trace/outputs/traces/2080ti/default-s123/train_step_352/read_trace.jsonl,/home/lyj/mnt/project/zoology/zoology/experiments/flash_vqg/scripts/20260625-01-flash-vqg-early-window-trace/outputs/traces/2080ti/default-s123/train_step_352/read_trace.jsonl,5686373222c71384023645d7c7eaa3fa71957b1b3a1ee9f0adfc12e49ab629da,35950,source-local
20260625-01-flash-vqg-early-window-trace,2080ti,mclab-2080ti,/home/lyj/mnt/project/zoology/zoology/experiments/flash_vqg/scripts/20260625-01-flash-vqg-early-window-trace/outputs/traces/2080ti/default-s123/train_step_448/read_trace.jsonl,/home/lyj/mnt/project/zoology/zoology/experiments/flash_vqg/scripts/20260625-01-flash-vqg-early-window-trace/outputs/traces/2080ti/default-s123/train_step_448/read_trace.jsonl,73a3bc707a9bdc264971b8b72537a00bc76d1ce03ce975cb64e6bb1f69551df6,35890,source-local
20260625-01-flash-vqg-early-window-trace,2080ti,mclab-2080ti,/home/lyj/mnt/project/zoology/zoology/experiments/flash_vqg/scripts/20260625-01-flash-vqg-early-window-trace/outputs/traces/2080ti/default-s123/train_step_64/read_trace.jsonl,/home/lyj/mnt/project/zoology/zoology/experiments/flash_vqg/scripts/20260625-01-flash-vqg-early-window-trace/outputs/traces/2080ti/default-s123/train_step_64/read_trace.jsonl,8bb1dee4ec8dfbdfd8f4b78cc4282e12fa26dc932d94357580e0b39643a1a80f,36036,source-local
20260625-01-flash-vqg-early-window-trace,2080ti,mclab-2080ti,/home/lyj/mnt/project/zoology/zoology/experiments/flash_vqg/scripts/20260625-01-flash-vqg-early-window-trace/outputs/traces/2080ti/default-s123/train_step_705/read_trace.jsonl,/home/lyj/mnt/project/zoology/zoology/experiments/flash_vqg/scripts/20260625-01-flash-vqg-early-window-trace/outputs/traces/2080ti/default-s123/train_step_705/read_trace.jsonl,eaa31a8fd5e847797e93a1d6381b4bc86caafc49e78f8861aa79729d1c9141d1,35839,source-local
20260625-01-flash-vqg-early-window-trace,2080ti,mclab-2080ti,/home/lyj/mnt/project/zoology/zoology/experiments/flash_vqg/scripts/20260625-01-flash-vqg-early-window-trace/outputs/traces/2080ti/default-s124/train_step_0/read_trace.jsonl,/home/lyj/mnt/project/zoology/zoology/experiments/flash_vqg/scripts/20260625-01-flash-vqg-early-window-trace/outputs/traces/2080ti/default-s124/train_step_0/read_trace.jsonl,bcd44271e484895acf9be282dc60224a6a7e5eaa7c4b6c12572592ef1d01d104,36172,source-local
20260625-01-flash-vqg-early-window-trace,2080ti,mclab-2080ti,/home/lyj/mnt/project/zoology/zoology/experiments/flash_vqg/scripts/20260625-01-flash-vqg-early-window-trace/outputs/traces/2080ti/default-s124/train_step_130/read_trace.jsonl,/home/lyj/mnt/project/zoology/zoology/experiments/flash_vqg/scripts/20260625-01-flash-vqg-early-window-trace/outputs/traces/2080ti/default-s124/train_step_130/read_trace.jsonl,abce57507fbf826b5d912ac61fa08c500faafd0293b2a6d8739e3409803aa136,35945,source-local
20260625-01-flash-vqg-early-window-trace,2080ti,mclab-2080ti,/home/lyj/mnt/project/zoology/zoology/experiments/flash_vqg/scripts/20260625-01-flash-vqg-early-window-trace/outputs/traces/2080ti/default-s124/train_step_203/read_trace.jsonl,/home/lyj/mnt/project/zoology/zoology/experiments/flash_vqg/scripts/20260625-01-flash-vqg-early-window-trace/outputs/traces/2080ti/default-s124/train_step_203/read_trace.jsonl,0bfa9dc6abe5d413a686879d40a4021b91ab14a6825d00f5a9bf040175b54161,35890,source-local
20260625-01-flash-vqg-early-window-trace,2080ti,mclab-2080ti,/home/lyj/mnt/project/zoology/zoology/experiments/flash_vqg/scripts/20260625-01-flash-vqg-early-window-trace/outputs/traces/2080ti/default-s124/train_step_352/read_trace.jsonl,/home/lyj/mnt/project/zoology/zoology/experiments/flash_vqg/scripts/20260625-01-flash-vqg-early-window-trace/outputs/traces/2080ti/default-s124/train_step_352/read_trace.jsonl,85b41814dda532a4c71c2434f98b3d1889d0ce3f497cdeb63d36c82f810d8fcf,35840,source-local
20260625-01-flash-vqg-early-window-trace,2080ti,mclab-2080ti,/home/lyj/mnt/project/zoology/zoology/experiments/flash_vqg/scripts/20260625-01-flash-vqg-early-window-trace/outputs/traces/2080ti/default-s124/train_step_448/read_trace.jsonl,/home/lyj/mnt/project/zoology/zoology/experiments/flash_vqg/scripts/20260625-01-flash-vqg-early-window-trace/outputs/traces/2080ti/default-s124/train_step_448/read_trace.jsonl,e1038cafdb6590fb15869789674d9f9a02695fdcbc0fb6a9377d4237d1afe80b,35839,source-local
20260625-01-flash-vqg-early-window-trace,2080ti,mclab-2080ti,/home/lyj/mnt/project/zoology/zoology/experiments/flash_vqg/scripts/20260625-01-flash-vqg-early-window-trace/outputs/traces/2080ti/default-s124/train_step_64/read_trace.jsonl,/home/lyj/mnt/project/zoology/zoology/experiments/flash_vqg/scripts/20260625-01-flash-vqg-early-window-trace/outputs/traces/2080ti/default-s124/train_step_64/read_trace.jsonl,196b6b6f2eef6bec6ff5b6269db448ef244820313386e25d14a126d1e099f6c1,36077,source-local
20260625-01-flash-vqg-early-window-trace,2080ti,mclab-2080ti,/home/lyj/mnt/project/zoology/zoology/experiments/flash_vqg/scripts/20260625-01-flash-vqg-early-window-trace/outputs/traces/2080ti/default-s124/train_step_705/read_trace.jsonl,/home/lyj/mnt/project/zoology/zoology/experiments/flash_vqg/scripts/20260625-01-flash-vqg-early-window-trace/outputs/traces/2080ti/default-s124/train_step_705/read_trace.jsonl,365b7b15c80fdb0be870d2d98e182e8138353fc012751877ee4eb41fe7d6f827,35869,source-local
20260625-01-flash-vqg-early-window-trace,2080ti,mclab-2080ti,/home/lyj/mnt/project/zoology/zoology/experiments/flash_vqg/scripts/20260625-01-flash-vqg-early-window-trace/outputs/traces/2080ti/smoke-default-s123/train_step_0/read_trace.jsonl,/home/lyj/mnt/project/zoology/zoology/experiments/flash_vqg/scripts/20260625-01-flash-vqg-early-window-trace/outputs/traces/2080ti/smoke-default-s123/train_step_0/read_trace.jsonl,ac98ed1b3effef2a291cf8fcc815784c2247d6d67e21fdccda27d1336fd3231d,4580,source-local
20260625-01-flash-vqg-early-window-trace,2080ti,mclab-2080ti,/home/lyj/mnt/project/zoology/zoology/experiments/flash_vqg/scripts/20260625-01-flash-vqg-early-window-trace/outputs/traces/2080ti/smoke-default-s123/train_step_1/read_trace.jsonl,/home/lyj/mnt/project/zoology/zoology/experiments/flash_vqg/scripts/20260625-01-flash-vqg-early-window-trace/outputs/traces/2080ti/smoke-default-s123/train_step_1/read_trace.jsonl,cccf7b09043446372eded636025d7e4bcacf99bc36c1914487b7de89af4f3edb,4572,source-local
20260625-01-flash-vqg-early-window-trace,2080ti,mclab-2080ti,/home/lyj/mnt/project/zoology/zoology/experiments/flash_vqg/scripts/20260625-01-flash-vqg-early-window-trace/outputs/traces/2080ti/smoke-default-s123/train_step_2/read_trace.jsonl,/home/lyj/mnt/project/zoology/zoology/experiments/flash_vqg/scripts/20260625-01-flash-vqg-early-window-trace/outputs/traces/2080ti/smoke-default-s123/train_step_2/read_trace.jsonl,5353e2db852e7ede97dca91709326bca7abe7c2fc9915c6fddc685c119517ddf,4576,source-local
20260625-01-flash-vqg-early-window-trace,2080ti,mclab-2080ti,/home/lyj/mnt/project/zoology/zoology/experiments/flash_vqg/scripts/20260625-01-flash-vqg-early-window-trace/outputs/traces/2080ti/smoke-hard04-s123/train_step_0/read_trace.jsonl,/home/lyj/mnt/project/zoology/zoology/experiments/flash_vqg/scripts/20260625-01-flash-vqg-early-window-trace/outputs/traces/2080ti/smoke-hard04-s123/train_step_0/read_trace.jsonl,563946278a734cdd89a6cec2eb03b51323795fa7c2c88f1c7aa9e2aa3ed8ab52,3429,source-local
20260625-01-flash-vqg-early-window-trace,2080ti,mclab-2080ti,/home/lyj/mnt/project/zoology/zoology/experiments/flash_vqg/scripts/20260625-01-flash-vqg-early-window-trace/outputs/traces/2080ti/smoke-hard04-s123/train_step_1/read_trace.jsonl,/home/lyj/mnt/project/zoology/zoology/experiments/flash_vqg/scripts/20260625-01-flash-vqg-early-window-trace/outputs/traces/2080ti/smoke-hard04-s123/train_step_1/read_trace.jsonl,d5d0c5f07983c6be09c21f2028ea5c363501e2f2ccf3fc826536d5fc94b5d62f,3426,source-local
20260625-01-flash-vqg-early-window-trace,2080ti,mclab-2080ti,/home/lyj/mnt/project/zoology/zoology/experiments/flash_vqg/scripts/20260625-01-flash-vqg-early-window-trace/outputs/traces/2080ti/smoke-hard04-s123/train_step_2/read_trace.jsonl,/home/lyj/mnt/project/zoology/zoology/experiments/flash_vqg/scripts/20260625-01-flash-vqg-early-window-trace/outputs/traces/2080ti/smoke-hard04-s123/train_step_2/read_trace.jsonl,b11021a5a2341e32a880e034fa8b508a9919fa0d3993bd2b4ec0e4ce715ec74b,3432,source-local
20260625-01-flash-vqg-early-window-trace,3090,mclab-3090,mclab-3090:/home/lyj/mnt/project/zoology/zoology/experiments/flash_vqg/scripts/20260625-01-flash-vqg-early-window-trace/outputs/traces/3090/default-s123/train_step_0/read_trace.jsonl,/home/lyj/mnt/project/zoology/zoology/experiments/flash_vqg/scripts/20260625-01-flash-vqg-early-window-trace/outputs/traces/3090/default-s123/train_step_0/read_trace.jsonl,f9e7319752d49cfc9b17a98d76b6b5f08121dc2985870966c30ed30e3835129d,36061,mirrored-to-2080ti
20260625-01-flash-vqg-early-window-trace,3090,mclab-3090,mclab-3090:/home/lyj/mnt/project/zoology/zoology/experiments/flash_vqg/scripts/20260625-01-flash-vqg-early-window-trace/outputs/traces/3090/default-s123/train_step_130/read_trace.jsonl,/home/lyj/mnt/project/zoology/zoology/experiments/flash_vqg/scripts/20260625-01-flash-vqg-early-window-trace/outputs/traces/3090/default-s123/train_step_130/read_trace.jsonl,e57ea84bd88be9cb54b43f47ee0e8f1b50124bf301fd209ab71cf5bdbbecb27a,35748,mirrored-to-2080ti
20260625-01-flash-vqg-early-window-trace,3090,mclab-3090,mclab-3090:/home/lyj/mnt/project/zoology/zoology/experiments/flash_vqg/scripts/20260625-01-flash-vqg-early-window-trace/outputs/traces/3090/default-s123/train_step_203/read_trace.jsonl,/home/lyj/mnt/project/zoology/zoology/experiments/flash_vqg/scripts/20260625-01-flash-vqg-early-window-trace/outputs/traces/3090/default-s123/train_step_203/read_trace.jsonl,4947436fb309af4ba74555351ce9651e94fc8db57f736554c807e4fe19683453,35894,mirrored-to-2080ti
20260625-01-flash-vqg-early-window-trace,3090,mclab-3090,mclab-3090:/home/lyj/mnt/project/zoology/zoology/experiments/flash_vqg/scripts/20260625-01-flash-vqg-early-window-trace/outputs/traces/3090/default-s123/train_step_352/read_trace.jsonl,/home/lyj/mnt/project/zoology/zoology/experiments/flash_vqg/scripts/20260625-01-flash-vqg-early-window-trace/outputs/traces/3090/default-s123/train_step_352/read_trace.jsonl,01247ac9ade896cc1c7bff228966fc6ac092665cdb87e6ee884f65c669abce5a,35851,mirrored-to-2080ti
20260625-01-flash-vqg-early-window-trace,3090,mclab-3090,mclab-3090:/home/lyj/mnt/project/zoology/zoology/experiments/flash_vqg/scripts/20260625-01-flash-vqg-early-window-trace/outputs/traces/3090/default-s123/train_step_448/read_trace.jsonl,/home/lyj/mnt/project/zoology/zoology/experiments/flash_vqg/scripts/20260625-01-flash-vqg-early-window-trace/outputs/traces/3090/default-s123/train_step_448/read_trace.jsonl,b438877a91650fe3f421305e84e2c05b6417994838c69c6fc615af48a79848c6,35865,mirrored-to-2080ti
20260625-01-flash-vqg-early-window-trace,3090,mclab-3090,mclab-3090:/home/lyj/mnt/project/zoology/zoology/experiments/flash_vqg/scripts/20260625-01-flash-vqg-early-window-trace/outputs/traces/3090/default-s123/train_step_64/read_trace.jsonl,/home/lyj/mnt/project/zoology/zoology/experiments/flash_vqg/scripts/20260625-01-flash-vqg-early-window-trace/outputs/traces/3090/default-s123/train_step_64/read_trace.jsonl,cd93377de98ad3f4cf371773909b6d01bea6200f6bdfe73197d197b7b9465368,35905,mirrored-to-2080ti
20260625-01-flash-vqg-early-window-trace,3090,mclab-3090,mclab-3090:/home/lyj/mnt/project/zoology/zoology/experiments/flash_vqg/scripts/20260625-01-flash-vqg-early-window-trace/outputs/traces/3090/default-s123/train_step_705/read_trace.jsonl,/home/lyj/mnt/project/zoology/zoology/experiments/flash_vqg/scripts/20260625-01-flash-vqg-early-window-trace/outputs/traces/3090/default-s123/train_step_705/read_trace.jsonl,b7d88d953daec1d338491b1020cae2e9589f58739eb6266f4c28a610b73cb9e7,35726,mirrored-to-2080ti
20260625-01-flash-vqg-early-window-trace,3090,mclab-3090,mclab-3090:/home/lyj/mnt/project/zoology/zoology/experiments/flash_vqg/scripts/20260625-01-flash-vqg-early-window-trace/outputs/traces/3090/default-s124/train_step_0/read_trace.jsonl,/home/lyj/mnt/project/zoology/zoology/experiments/flash_vqg/scripts/20260625-01-flash-vqg-early-window-trace/outputs/traces/3090/default-s124/train_step_0/read_trace.jsonl,bb4b681b8221d8e04b5a678cc8183ad2521807dd771909d377563fef511a99ff,36058,mirrored-to-2080ti
20260625-01-flash-vqg-early-window-trace,3090,mclab-3090,mclab-3090:/home/lyj/mnt/project/zoology/zoology/experiments/flash_vqg/scripts/20260625-01-flash-vqg-early-window-trace/outputs/traces/3090/default-s124/train_step_130/read_trace.jsonl,/home/lyj/mnt/project/zoology/zoology/experiments/flash_vqg/scripts/20260625-01-flash-vqg-early-window-trace/outputs/traces/3090/default-s124/train_step_130/read_trace.jsonl,6d4eede89980d5f683a5a8123a8b1fd9a551c454b79f80bf5ca7b6d379bff12b,35796,mirrored-to-2080ti
20260625-01-flash-vqg-early-window-trace,3090,mclab-3090,mclab-3090:/home/lyj/mnt/project/zoology/zoology/experiments/flash_vqg/scripts/20260625-01-flash-vqg-early-window-trace/outputs/traces/3090/default-s124/train_step_203/read_trace.jsonl,/home/lyj/mnt/project/zoology/zoology/experiments/flash_vqg/scripts/20260625-01-flash-vqg-early-window-trace/outputs/traces/3090/default-s124/train_step_203/read_trace.jsonl,a586ad98343966eb1a84825e2f855a6e64404a43311bad6141cf295fd8170e8e,35775,mirrored-to-2080ti
20260625-01-flash-vqg-early-window-trace,3090,mclab-3090,mclab-3090:/home/lyj/mnt/project/zoology/zoology/experiments/flash_vqg/scripts/20260625-01-flash-vqg-early-window-trace/outputs/traces/3090/default-s124/train_step_352/read_trace.jsonl,/home/lyj/mnt/project/zoology/zoology/experiments/flash_vqg/scripts/20260625-01-flash-vqg-early-window-trace/outputs/traces/3090/default-s124/train_step_352/read_trace.jsonl,d6b9301592d1c91e7d3a474f9f77d71d66f6590b6395282c6239d8b80362355d,35775,mirrored-to-2080ti
20260625-01-flash-vqg-early-window-trace,3090,mclab-3090,mclab-3090:/home/lyj/mnt/project/zoology/zoology/experiments/flash_vqg/scripts/20260625-01-flash-vqg-early-window-trace/outputs/traces/3090/default-s124/train_step_448/read_trace.jsonl,/home/lyj/mnt/project/zoology/zoology/experiments/flash_vqg/scripts/20260625-01-flash-vqg-early-window-trace/outputs/traces/3090/default-s124/train_step_448/read_trace.jsonl,eb42352d56198de12b224477bd7eacc6b9071e79931720c192be235c02af04b9,35893,mirrored-to-2080ti
20260625-01-flash-vqg-early-window-trace,3090,mclab-3090,mclab-3090:/home/lyj/mnt/project/zoology/zoology/experiments/flash_vqg/scripts/20260625-01-flash-vqg-early-window-trace/outputs/traces/3090/default-s124/train_step_64/read_trace.jsonl,/home/lyj/mnt/project/zoology/zoology/experiments/flash_vqg/scripts/20260625-01-flash-vqg-early-window-trace/outputs/traces/3090/default-s124/train_step_64/read_trace.jsonl,4c406c1200effb34e7d5075414e123b34510e9b6f1cfb4d8dfc632fef9612028,35931,mirrored-to-2080ti
20260625-01-flash-vqg-early-window-trace,3090,mclab-3090,mclab-3090:/home/lyj/mnt/project/zoology/zoology/experiments/flash_vqg/scripts/20260625-01-flash-vqg-early-window-trace/outputs/traces/3090/default-s124/train_step_705/read_trace.jsonl,/home/lyj/mnt/project/zoology/zoology/experiments/flash_vqg/scripts/20260625-01-flash-vqg-early-window-trace/outputs/traces/3090/default-s124/train_step_705/read_trace.jsonl,0e104940bb6d5a7dc37e73deadf4fe68114d7ddf79026d882754a8cc0117066b,35754,mirrored-to-2080ti
20260625-01-flash-vqg-early-window-trace,3090,mclab-3090,mclab-3090:/home/lyj/mnt/project/zoology/zoology/experiments/flash_vqg/scripts/20260625-01-flash-vqg-early-window-trace/outputs/traces/3090/hard04-s123/train_step_0/read_trace.jsonl,/home/lyj/mnt/project/zoology/zoology/experiments/flash_vqg/scripts/20260625-01-flash-vqg-early-window-trace/outputs/traces/3090/hard04-s123/train_step_0/read_trace.jsonl,7bc9415101a9b823363e4793c6f2d5f2ab25100c84cdb0a2b3375ca318260b0b,35997,mirrored-to-2080ti
20260625-01-flash-vqg-early-window-trace,3090,mclab-3090,mclab-3090:/home/lyj/mnt/project/zoology/zoology/experiments/flash_vqg/scripts/20260625-01-flash-vqg-early-window-trace/outputs/traces/3090/hard04-s123/train_step_130/read_trace.jsonl,/home/lyj/mnt/project/zoology/zoology/experiments/flash_vqg/scripts/20260625-01-flash-vqg-early-window-trace/outputs/traces/3090/hard04-s123/train_step_130/read_trace.jsonl,63c83dafe23f2b9fb40699bca562e3757371d6025e82ce929fa9cbbff3294773,35775,mirrored-to-2080ti
20260625-01-flash-vqg-early-window-trace,3090,mclab-3090,mclab-3090:/home/lyj/mnt/project/zoology/zoology/experiments/flash_vqg/scripts/20260625-01-flash-vqg-early-window-trace/outputs/traces/3090/hard04-s123/train_step_203/read_trace.jsonl,/home/lyj/mnt/project/zoology/zoology/experiments/flash_vqg/scripts/20260625-01-flash-vqg-early-window-trace/outputs/traces/3090/hard04-s123/train_step_203/read_trace.jsonl,4d9755d691eca6d1bd0f07d6f03d41537cbbe42f41dd8e0a391cad5d74bdf95b,35908,mirrored-to-2080ti
20260625-01-flash-vqg-early-window-trace,3090,mclab-3090,mclab-3090:/home/lyj/mnt/project/zoology/zoology/experiments/flash_vqg/scripts/20260625-01-flash-vqg-early-window-trace/outputs/traces/3090/hard04-s123/train_step_352/read_trace.jsonl,/home/lyj/mnt/project/zoology/zoology/experiments/flash_vqg/scripts/20260625-01-flash-vqg-early-window-trace/outputs/traces/3090/hard04-s123/train_step_352/read_trace.jsonl,75709a8cb5b2b973bfba29d721c75ba37da167982a93bc41a173fcb1e68c6343,35758,mirrored-to-2080ti
20260625-01-flash-vqg-early-window-trace,3090,mclab-3090,mclab-3090:/home/lyj/mnt/project/zoology/zoology/experiments/flash_vqg/scripts/20260625-01-flash-vqg-early-window-trace/outputs/traces/3090/hard04-s123/train_step_448/read_trace.jsonl,/home/lyj/mnt/project/zoology/zoology/experiments/flash_vqg/scripts/20260625-01-flash-vqg-early-window-trace/outputs/traces/3090/hard04-s123/train_step_448/read_trace.jsonl,44744f919aeb537a28af7c17ce3fd67274e51076cd0e1988bbe0ee1af27e94d5,35772,mirrored-to-2080ti
20260625-01-flash-vqg-early-window-trace,3090,mclab-3090,mclab-3090:/home/lyj/mnt/project/zoology/zoology/experiments/flash_vqg/scripts/20260625-01-flash-vqg-early-window-trace/outputs/traces/3090/hard04-s123/train_step_64/read_trace.jsonl,/home/lyj/mnt/project/zoology/zoology/experiments/flash_vqg/scripts/20260625-01-flash-vqg-early-window-trace/outputs/traces/3090/hard04-s123/train_step_64/read_trace.jsonl,bfbd8866b399d5b0ab7c0cf6da068d9c1c41a6a68d344e3e4888a0d49c607427,35852,mirrored-to-2080ti
20260625-01-flash-vqg-early-window-trace,3090,mclab-3090,mclab-3090:/home/lyj/mnt/project/zoology/zoology/experiments/flash_vqg/scripts/20260625-01-flash-vqg-early-window-trace/outputs/traces/3090/hard04-s123/train_step_705/read_trace.jsonl,/home/lyj/mnt/project/zoology/zoology/experiments/flash_vqg/scripts/20260625-01-flash-vqg-early-window-trace/outputs/traces/3090/hard04-s123/train_step_705/read_trace.jsonl,d7b388dc946f0754195af56229d20c45029796b12617c250f3216087175f9077,35737,mirrored-to-2080ti
20260625-01-flash-vqg-early-window-trace,3090,mclab-3090,mclab-3090:/home/lyj/mnt/project/zoology/zoology/experiments/flash_vqg/scripts/20260625-01-flash-vqg-early-window-trace/outputs/traces/3090/smoke-default-s123/train_step_0/read_trace.jsonl,/home/lyj/mnt/project/zoology/zoology/experiments/flash_vqg/scripts/20260625-01-flash-vqg-early-window-trace/outputs/traces/3090/smoke-default-s123/train_step_0/read_trace.jsonl,8e01feaed5675aa5a0b516759889fe588f9fc19559f1a36d7fcc0dedff09b2ca,1137,mirrored-to-2080ti
20260625-01-flash-vqg-early-window-trace,3090,mclab-3090,mclab-3090:/home/lyj/mnt/project/zoology/zoology/experiments/flash_vqg/scripts/20260625-01-flash-vqg-early-window-trace/outputs/traces/3090/smoke-default-s123/train_step_1/read_trace.jsonl,/home/lyj/mnt/project/zoology/zoology/experiments/flash_vqg/scripts/20260625-01-flash-vqg-early-window-trace/outputs/traces/3090/smoke-default-s123/train_step_1/read_trace.jsonl,3b97b198291ce3c4789cb3b582de191befd2754f73fb7d948c7d315f14af0699,1142,mirrored-to-2080ti
20260625-01-flash-vqg-early-window-trace,3090,mclab-3090,mclab-3090:/home/lyj/mnt/project/zoology/zoology/experiments/flash_vqg/scripts/20260625-01-flash-vqg-early-window-trace/outputs/traces/3090/smoke-default-s123/train_step_2/read_trace.jsonl,/home/lyj/mnt/project/zoology/zoology/experiments/flash_vqg/scripts/20260625-01-flash-vqg-early-window-trace/outputs/traces/3090/smoke-default-s123/train_step_2/read_trace.jsonl,83981a57ea07ce783d467edd8e30e6ef4c26dc71fd021bf70833bc304cff12b7,1138,mirrored-to-2080ti
20260625-01-flash-vqg-early-window-trace,3090,mclab-3090,mclab-3090:/home/lyj/mnt/project/zoology/zoology/experiments/flash_vqg/scripts/20260625-01-flash-vqg-early-window-trace/outputs/traces/3090/smoke-hard04-s123/train_step_0/read_trace.jsonl,/home/lyj/mnt/project/zoology/zoology/experiments/flash_vqg/scripts/20260625-01-flash-vqg-early-window-trace/outputs/traces/3090/smoke-hard04-s123/train_step_0/read_trace.jsonl,6ad1d32b2fb2e2125b84ddade84dff9a99d2c72304456e68a46cc5df2ccfeeb2,1135,mirrored-to-2080ti
20260625-01-flash-vqg-early-window-trace,3090,mclab-3090,mclab-3090:/home/lyj/mnt/project/zoology/zoology/experiments/flash_vqg/scripts/20260625-01-flash-vqg-early-window-trace/outputs/traces/3090/smoke-hard04-s123/train_step_1/read_trace.jsonl,/home/lyj/mnt/project/zoology/zoology/experiments/flash_vqg/scripts/20260625-01-flash-vqg-early-window-trace/outputs/traces/3090/smoke-hard04-s123/train_step_1/read_trace.jsonl,7d24e879e75b508929dcc239d8a87a47015801abbc44b77118232fb1b878fcfb,1138,mirrored-to-2080ti
20260625-01-flash-vqg-early-window-trace,3090,mclab-3090,mclab-3090:/home/lyj/mnt/project/zoology/zoology/experiments/flash_vqg/scripts/20260625-01-flash-vqg-early-window-trace/outputs/traces/3090/smoke-hard04-s123/train_step_2/read_trace.jsonl,/home/lyj/mnt/project/zoology/zoology/experiments/flash_vqg/scripts/20260625-01-flash-vqg-early-window-trace/outputs/traces/3090/smoke-hard04-s123/train_step_2/read_trace.jsonl,6401d19605f838a19dac705fc0b6cca94b6a1f220dd952990b3d9627580fcd75,1139,mirrored-to-2080ti
20260625-01-flash-vqg-early-window-trace,2080ti,mclab-2080ti,/home/lyj/mnt/project/zoology/zoology/experiments/flash_vqg/generated/fvqg-20260625-01-etrace-2080ti-default-s123-2026-06-24-17-18-28/manifest.json,/home/lyj/mnt/project/zoology/zoology/experiments/flash_vqg/generated/fvqg-20260625-01-etrace-2080ti-default-s123-2026-06-24-17-18-28/manifest.json,bc305a1a5b1ee59cae87eec3e88754fa3684fbc3203f6b610cd176b7a9ff890d,7642,source-local
20260625-01-flash-vqg-early-window-trace,2080ti,mclab-2080ti,/home/lyj/mnt/project/zoology/zoology/experiments/flash_vqg/generated/fvqg-20260625-01-etrace-2080ti-default-s124-2026-06-24-17-18-22/manifest.json,/home/lyj/mnt/project/zoology/zoology/experiments/flash_vqg/generated/fvqg-20260625-01-etrace-2080ti-default-s124-2026-06-24-17-18-22/manifest.json,c875f12612792b5aa4d59fd3fab164a6824b466894b7cf11ef59589f0664d267,7642,source-local
20260625-01-flash-vqg-early-window-trace,2080ti,mclab-2080ti,/home/lyj/mnt/project/zoology/zoology/experiments/flash_vqg/generated/fvqg-20260625-01-etrace-2080ti-smoke-default-s123-2026-06-24-17-02-50/manifest.json,/home/lyj/mnt/project/zoology/zoology/experiments/flash_vqg/generated/fvqg-20260625-01-etrace-2080ti-smoke-default-s123-2026-06-24-17-02-50/manifest.json,8c1d412cc8c9353d90a39476715e5b504fadaa70f6ac59b503ec3e232de61592,7147,source-local
20260625-01-flash-vqg-early-window-trace,2080ti,mclab-2080ti,/home/lyj/mnt/project/zoology/zoology/experiments/flash_vqg/generated/fvqg-20260625-01-etrace-2080ti-smoke-default-s123-2026-06-24-17-07-11/manifest.json,/home/lyj/mnt/project/zoology/zoology/experiments/flash_vqg/generated/fvqg-20260625-01-etrace-2080ti-smoke-default-s123-2026-06-24-17-07-11/manifest.json,d83ffc243e002b2bb828b6d0f51da2780aec992f03bd80be5497e5b03e21760a,7147,source-local
20260625-01-flash-vqg-early-window-trace,2080ti,mclab-2080ti,/home/lyj/mnt/project/zoology/zoology/experiments/flash_vqg/generated/fvqg-20260625-01-etrace-2080ti-smoke-default-s123-2026-06-24-17-10-10/manifest.json,/home/lyj/mnt/project/zoology/zoology/experiments/flash_vqg/generated/fvqg-20260625-01-etrace-2080ti-smoke-default-s123-2026-06-24-17-10-10/manifest.json,4302af72817b572710c63a7af09d0ee37cf0cf87e745664a68111006b9f26fe0,7147,source-local
20260625-01-flash-vqg-early-window-trace,2080ti,mclab-2080ti,/home/lyj/mnt/project/zoology/zoology/experiments/flash_vqg/generated/fvqg-20260625-01-etrace-2080ti-smoke-default-s123-2026-06-24-17-13-36/manifest.json,/home/lyj/mnt/project/zoology/zoology/experiments/flash_vqg/generated/fvqg-20260625-01-etrace-2080ti-smoke-default-s123-2026-06-24-17-13-36/manifest.json,7ca89b9559c0b858d98122ccfb564042312eb790074df1b0cb00e37c99b36c45,7145,source-local
20260625-01-flash-vqg-early-window-trace,2080ti,mclab-2080ti,/home/lyj/mnt/project/zoology/zoology/experiments/flash_vqg/generated/fvqg-20260625-01-etrace-2080ti-smoke-hard04-s123-2026-06-24-17-07-41/manifest.json,/home/lyj/mnt/project/zoology/zoology/experiments/flash_vqg/generated/fvqg-20260625-01-etrace-2080ti-smoke-hard04-s123-2026-06-24-17-07-41/manifest.json,701481616680af1ca45c4122177ba88dac72a98f4a2d1709580172282901eccb,7133,source-local
20260625-01-flash-vqg-early-window-trace,2080ti,mclab-2080ti,/home/lyj/mnt/project/zoology/zoology/experiments/flash_vqg/generated/fvqg-20260625-01-etrace-2080ti-smoke-hard04-s123-2026-06-24-17-10-35/manifest.json,/home/lyj/mnt/project/zoology/zoology/experiments/flash_vqg/generated/fvqg-20260625-01-etrace-2080ti-smoke-hard04-s123-2026-06-24-17-10-35/manifest.json,55ef3764f5890068cd19002051b17ed37b2e703fb844ff3b00d328a085741b4c,7133,source-local
20260625-01-flash-vqg-early-window-trace,2080ti,mclab-2080ti,/home/lyj/mnt/project/zoology/zoology/experiments/flash_vqg/generated/fvqg-20260625-01-etrace-2080ti-smoke-hard04-s123-2026-06-24-17-14-02/manifest.json,/home/lyj/mnt/project/zoology/zoology/experiments/flash_vqg/generated/fvqg-20260625-01-etrace-2080ti-smoke-hard04-s123-2026-06-24-17-14-02/manifest.json,0b646e0b95e5ebd4cae7ca1156c6af95a22f8d4f1ea6eefed15ee1dba3b77a2f,7133,source-local
20260625-01-flash-vqg-early-window-trace,3090,mclab-3090,mclab-3090:/home/lyj/mnt/project/zoology/zoology/experiments/flash_vqg/generated/fvqg-20260625-01-etrace-3090-default-s123-2026-06-24-17-18-22/manifest.json,/home/lyj/mnt/project/zoology/zoology/experiments/flash_vqg/generated/fvqg-20260625-01-etrace-3090-default-s123-2026-06-24-17-18-22/manifest.json,bdf29c6bf1964306375fecc2c9d5758c75a9120ce2617ac72a57b0f179af1a25,7614,mirrored-to-2080ti
20260625-01-flash-vqg-early-window-trace,3090,mclab-3090,mclab-3090:/home/lyj/mnt/project/zoology/zoology/experiments/flash_vqg/generated/fvqg-20260625-01-etrace-3090-default-s124-2026-06-24-17-18-32/manifest.json,/home/lyj/mnt/project/zoology/zoology/experiments/flash_vqg/generated/fvqg-20260625-01-etrace-3090-default-s124-2026-06-24-17-18-32/manifest.json,af0e4d7a4e81e714698a8ffcc24c904689c36ea3aab5c315cb10222c640dbe83,7614,mirrored-to-2080ti
20260625-01-flash-vqg-early-window-trace,3090,mclab-3090,mclab-3090:/home/lyj/mnt/project/zoology/zoology/experiments/flash_vqg/generated/fvqg-20260625-01-etrace-3090-hard04-s123-2026-06-24-17-18-27/manifest.json,/home/lyj/mnt/project/zoology/zoology/experiments/flash_vqg/generated/fvqg-20260625-01-etrace-3090-hard04-s123-2026-06-24-17-18-27/manifest.json,274a82d657771b9dceb3c1448c4bd4114cd5c801eb3840993d651dcf0129a979,7600,mirrored-to-2080ti
20260625-01-flash-vqg-early-window-trace,3090,mclab-3090,mclab-3090:/home/lyj/mnt/project/zoology/zoology/experiments/flash_vqg/generated/fvqg-20260625-01-etrace-3090-smoke-default-s123-2026-06-24-17-16-27/manifest.json,/home/lyj/mnt/project/zoology/zoology/experiments/flash_vqg/generated/fvqg-20260625-01-etrace-3090-smoke-default-s123-2026-06-24-17-16-27/manifest.json,17b2be739c06fc96c020935c21f0193796a9977d8a951a8b3200af81ff1e6048,7119,mirrored-to-2080ti
20260625-01-flash-vqg-early-window-trace,3090,mclab-3090,mclab-3090:/home/lyj/mnt/project/zoology/zoology/experiments/flash_vqg/generated/fvqg-20260625-01-etrace-3090-smoke-hard04-s123-2026-06-24-17-16-52/manifest.json,/home/lyj/mnt/project/zoology/zoology/experiments/flash_vqg/generated/fvqg-20260625-01-etrace-3090-smoke-hard04-s123-2026-06-24-17-16-52/manifest.json,7bd6ba85710ffca6ffcce88b285f4e489c3162861e7294a380a40964d82e506d,7105,mirrored-to-2080ti
20260625-01-flash-vqg-early-window-trace,2080ti,mclab-2080ti,/home/lyj/mnt/project/zoology/zoology/experiments/flash_vqg/generated/fvqg-20260625-01-etrace-2080ti-default-s123-2026-06-24-17-18-28/launch_configs.py,/home/lyj/mnt/project/zoology/zoology/experiments/flash_vqg/generated/fvqg-20260625-01-etrace-2080ti-default-s123-2026-06-24-17-18-28/launch_configs.py,cabd5b2240720c85305d71b6d97ea4d318c7bf0d841bf8f1c42858cf17845da0,5839,source-local
20260625-01-flash-vqg-early-window-trace,2080ti,mclab-2080ti,/home/lyj/mnt/project/zoology/zoology/experiments/flash_vqg/generated/fvqg-20260625-01-etrace-2080ti-default-s124-2026-06-24-17-18-22/launch_configs.py,/home/lyj/mnt/project/zoology/zoology/experiments/flash_vqg/generated/fvqg-20260625-01-etrace-2080ti-default-s124-2026-06-24-17-18-22/launch_configs.py,d6d39338c3317a4ff562403dd3214d66314c1f9d00b3719e576da1bea6ee4dd7,5839,source-local
20260625-01-flash-vqg-early-window-trace,2080ti,mclab-2080ti,/home/lyj/mnt/project/zoology/zoology/experiments/flash_vqg/generated/fvqg-20260625-01-etrace-2080ti-smoke-default-s123-2026-06-24-17-02-50/launch_configs.py,/home/lyj/mnt/project/zoology/zoology/experiments/flash_vqg/generated/fvqg-20260625-01-etrace-2080ti-smoke-default-s123-2026-06-24-17-02-50/launch_configs.py,44a68d80aef32dfcf6efe4b3ce9db75e0fa2a067afa995b6487fbfd73b9f852d,5829,source-local
20260625-01-flash-vqg-early-window-trace,2080ti,mclab-2080ti,/home/lyj/mnt/project/zoology/zoology/experiments/flash_vqg/generated/fvqg-20260625-01-etrace-2080ti-smoke-default-s123-2026-06-24-17-07-11/launch_configs.py,/home/lyj/mnt/project/zoology/zoology/experiments/flash_vqg/generated/fvqg-20260625-01-etrace-2080ti-smoke-default-s123-2026-06-24-17-07-11/launch_configs.py,44a68d80aef32dfcf6efe4b3ce9db75e0fa2a067afa995b6487fbfd73b9f852d,5829,source-local
20260625-01-flash-vqg-early-window-trace,2080ti,mclab-2080ti,/home/lyj/mnt/project/zoology/zoology/experiments/flash_vqg/generated/fvqg-20260625-01-etrace-2080ti-smoke-default-s123-2026-06-24-17-10-10/launch_configs.py,/home/lyj/mnt/project/zoology/zoology/experiments/flash_vqg/generated/fvqg-20260625-01-etrace-2080ti-smoke-default-s123-2026-06-24-17-10-10/launch_configs.py,44a68d80aef32dfcf6efe4b3ce9db75e0fa2a067afa995b6487fbfd73b9f852d,5829,source-local
20260625-01-flash-vqg-early-window-trace,2080ti,mclab-2080ti,/home/lyj/mnt/project/zoology/zoology/experiments/flash_vqg/generated/fvqg-20260625-01-etrace-2080ti-smoke-default-s123-2026-06-24-17-13-36/launch_configs.py,/home/lyj/mnt/project/zoology/zoology/experiments/flash_vqg/generated/fvqg-20260625-01-etrace-2080ti-smoke-default-s123-2026-06-24-17-13-36/launch_configs.py,44a68d80aef32dfcf6efe4b3ce9db75e0fa2a067afa995b6487fbfd73b9f852d,5829,source-local
20260625-01-flash-vqg-early-window-trace,2080ti,mclab-2080ti,/home/lyj/mnt/project/zoology/zoology/experiments/flash_vqg/generated/fvqg-20260625-01-etrace-2080ti-smoke-hard04-s123-2026-06-24-17-07-41/launch_configs.py,/home/lyj/mnt/project/zoology/zoology/experiments/flash_vqg/generated/fvqg-20260625-01-etrace-2080ti-smoke-hard04-s123-2026-06-24-17-07-41/launch_configs.py,0e20a343a7287b3cb590451d5b5fe6a62fb51275f1b74ee7698c7898eec42752,5825,source-local
20260625-01-flash-vqg-early-window-trace,2080ti,mclab-2080ti,/home/lyj/mnt/project/zoology/zoology/experiments/flash_vqg/generated/fvqg-20260625-01-etrace-2080ti-smoke-hard04-s123-2026-06-24-17-10-35/launch_configs.py,/home/lyj/mnt/project/zoology/zoology/experiments/flash_vqg/generated/fvqg-20260625-01-etrace-2080ti-smoke-hard04-s123-2026-06-24-17-10-35/launch_configs.py,0e20a343a7287b3cb590451d5b5fe6a62fb51275f1b74ee7698c7898eec42752,5825,source-local
20260625-01-flash-vqg-early-window-trace,2080ti,mclab-2080ti,/home/lyj/mnt/project/zoology/zoology/experiments/flash_vqg/generated/fvqg-20260625-01-etrace-2080ti-smoke-hard04-s123-2026-06-24-17-14-02/launch_configs.py,/home/lyj/mnt/project/zoology/zoology/experiments/flash_vqg/generated/fvqg-20260625-01-etrace-2080ti-smoke-hard04-s123-2026-06-24-17-14-02/launch_configs.py,0e20a343a7287b3cb590451d5b5fe6a62fb51275f1b74ee7698c7898eec42752,5825,source-local
20260625-01-flash-vqg-early-window-trace,3090,mclab-3090,mclab-3090:/home/lyj/mnt/project/zoology/zoology/experiments/flash_vqg/generated/fvqg-20260625-01-etrace-3090-default-s123-2026-06-24-17-18-22/launch_configs.py,/home/lyj/mnt/project/zoology/zoology/experiments/flash_vqg/generated/fvqg-20260625-01-etrace-3090-default-s123-2026-06-24-17-18-22/launch_configs.py,a512071797d9a10ae167cd3791db65ec2d2d49d99cff2efb9119e58c9528faab,5831,mirrored-to-2080ti
20260625-01-flash-vqg-early-window-trace,3090,mclab-3090,mclab-3090:/home/lyj/mnt/project/zoology/zoology/experiments/flash_vqg/generated/fvqg-20260625-01-etrace-3090-default-s124-2026-06-24-17-18-32/launch_configs.py,/home/lyj/mnt/project/zoology/zoology/experiments/flash_vqg/generated/fvqg-20260625-01-etrace-3090-default-s124-2026-06-24-17-18-32/launch_configs.py,4a251ac173d0e879b0e73ab5f05df7ae57a9b35f486e14f0a03d45bfc264fc8a,5831,mirrored-to-2080ti
20260625-01-flash-vqg-early-window-trace,3090,mclab-3090,mclab-3090:/home/lyj/mnt/project/zoology/zoology/experiments/flash_vqg/generated/fvqg-20260625-01-etrace-3090-hard04-s123-2026-06-24-17-18-27/launch_configs.py,/home/lyj/mnt/project/zoology/zoology/experiments/flash_vqg/generated/fvqg-20260625-01-etrace-3090-hard04-s123-2026-06-24-17-18-27/launch_configs.py,95897450a65393ae944b78e80cd895089273944ea8b00ec2282a1f52e6a3f1bf,5827,mirrored-to-2080ti
20260625-01-flash-vqg-early-window-trace,3090,mclab-3090,mclab-3090:/home/lyj/mnt/project/zoology/zoology/experiments/flash_vqg/generated/fvqg-20260625-01-etrace-3090-smoke-default-s123-2026-06-24-17-16-27/launch_configs.py,/home/lyj/mnt/project/zoology/zoology/experiments/flash_vqg/generated/fvqg-20260625-01-etrace-3090-smoke-default-s123-2026-06-24-17-16-27/launch_configs.py,e07b5c05ee458fdfadfe4dc7524eec1a7d82cca1fe538956344466efa3b5f03b,5821,mirrored-to-2080ti
20260625-01-flash-vqg-early-window-trace,3090,mclab-3090,mclab-3090:/home/lyj/mnt/project/zoology/zoology/experiments/flash_vqg/generated/fvqg-20260625-01-etrace-3090-smoke-hard04-s123-2026-06-24-17-16-52/launch_configs.py,/home/lyj/mnt/project/zoology/zoology/experiments/flash_vqg/generated/fvqg-20260625-01-etrace-3090-smoke-hard04-s123-2026-06-24-17-16-52/launch_configs.py,1ab7f6ecd71ed3e18a7df3aa42bdb93cf7a92806b0cfe26e1c1653fdfc2fdb78,5817,mirrored-to-2080ti
