kind,relative_path,source_machine,mirror_status,bytes,sha256
queue,zoology/experiments/flash_vqg/scripts/20260626-01-flash-vqg-cache-sync-rerun/outputs/3090-gpu0-cache-sync-r1r2-20260626T054239Z/queue-status.tsv,3090,mirrored,5524,ac123465a5f72f8d267b040cbd600d4e5ef99842061d747d3c0a0c8607ea160c
queue,zoology/experiments/flash_vqg/scripts/20260626-01-flash-vqg-cache-sync-rerun/outputs/3090-gpu0-cache-sync-r1r2-20260626T054239Z/queue.log,3090,mirrored,1792,dedce3dc4cd0fcca30fcc66f274e18d5458436234c3f7cc55163b1d25c1107ab
queue,zoology/experiments/flash_vqg/scripts/20260626-01-flash-vqg-cache-sync-rerun/outputs/3090-gpu0-cache-sync-r1r2-20260626T054239Z/queue.pid,3090,mirrored,8,70f921cb005eddc6e299c1dc7ce06eca2c013942979a04148715396ecd54434d
queue,zoology/experiments/flash_vqg/scripts/20260626-01-flash-vqg-cache-sync-rerun/outputs/3090-gpu0-cache-sync-r1r2-20260626T054239Z/queue.session,3090,mirrored,38,e0783874b486fa0ea82de248053e38653c8f34a43c498e8d2b9d9cf2d2ab4e2c
queue,zoology/experiments/flash_vqg/scripts/20260626-01-flash-vqg-cache-sync-rerun/outputs/3090-gpu0-cache-sync-r1r2-20260626T054239Z/queue-run-command.sh,3090,mirrored,2632,489323319eaa1bc1c8e026400bcacbf47b37da098bfaf0726fd4d5af89bac881
log,zoology/experiments/flash_vqg/scripts/20260626-01-flash-vqg-cache-sync-rerun/outputs/3090-gpu0-cache-sync-r1r2-20260626T054239Z/logs/default-s123-r1.log,3090,mirrored,621261,0476e4d93876a9a08a7fe0f5d2a17f5089ac1855c1efb5ee61297521c63e6540
log,zoology/experiments/flash_vqg/scripts/20260626-01-flash-vqg-cache-sync-rerun/outputs/3090-gpu0-cache-sync-r1r2-20260626T054239Z/logs/default-s123-r2.log,3090,mirrored,620748,18715d3b11b4ebcdf8ca4c415af52bb0ed7666eb561dce34e24fab17bf77f364
log,zoology/experiments/flash_vqg/scripts/20260626-01-flash-vqg-cache-sync-rerun/outputs/3090-gpu0-cache-sync-r1r2-20260626T054239Z/logs/default-s124-r1.log,3090,mirrored,579654,b9dd3c8f8084ebe6cb8f2cbcc251aef2a3a6ac3f01c5e07513d0726a49bdbe2a
log,zoology/experiments/flash_vqg/scripts/20260626-01-flash-vqg-cache-sync-rerun/outputs/3090-gpu0-cache-sync-r1r2-20260626T054239Z/logs/default-s124-r2.log,3090,mirrored,585111,6987abafa8a87bf47364a6ec30dd0e517bd6a27ec6a1c318f33c0eb4d911d060
queue,zoology/experiments/flash_vqg/scripts/20260626-01-flash-vqg-cache-sync-rerun/outputs/3090-gpu0-cache-sync-r3r4-20260626T173057Z/queue-status.tsv,3090,mirrored,5728,e217774311340e5774f21e5774601ed9ff409b25a97c36a7390f83aa00b8aaf8
queue,zoology/experiments/flash_vqg/scripts/20260626-01-flash-vqg-cache-sync-rerun/outputs/3090-gpu0-cache-sync-r3r4-20260626T173057Z/queue.log,3090,mirrored,1904,61e410e9a8abf7d10729c7b8c37604a5cf08e6c08619f470de85163492852360
queue,zoology/experiments/flash_vqg/scripts/20260626-01-flash-vqg-cache-sync-rerun/outputs/3090-gpu0-cache-sync-r3r4-20260626T173057Z/queue.pid,3090,mirrored,8,fb9730db326fedc762b4d8930a708bb42d91d16d46d339e7e8d5b8bdd33e1a6f
queue,zoology/experiments/flash_vqg/scripts/20260626-01-flash-vqg-cache-sync-rerun/outputs/3090-gpu0-cache-sync-r3r4-20260626T173057Z/queue.session,3090,mirrored,38,082cb8d32d028dba8e011272451d77f31835783fc92c3eb911286bf8c05b5ee9
queue,zoology/experiments/flash_vqg/scripts/20260626-01-flash-vqg-cache-sync-rerun/outputs/3090-gpu0-cache-sync-r3r4-20260626T173057Z/queue-run-command.sh,3090,mirrored,3046,01c9080b61ba7d3ea379b6269b80e75ddb25e09f039861516906f7f03fc9dda0
log,zoology/experiments/flash_vqg/scripts/20260626-01-flash-vqg-cache-sync-rerun/outputs/3090-gpu0-cache-sync-r3r4-20260626T173057Z/logs/default-s123-r3.log,3090,mirrored,616082,9befd2e212c769f1363740735b94cd70f29551ae8a59d439b126bbb8c28c2b0e
log,zoology/experiments/flash_vqg/scripts/20260626-01-flash-vqg-cache-sync-rerun/outputs/3090-gpu0-cache-sync-r3r4-20260626T173057Z/logs/default-s123-r4.log,3090,mirrored,618588,6a9204598872e9d399b99e732af94704424328d0c1434136208206898d9a89e4
log,zoology/experiments/flash_vqg/scripts/20260626-01-flash-vqg-cache-sync-rerun/outputs/3090-gpu0-cache-sync-r3r4-20260626T173057Z/logs/default-s124-r3.log,3090,mirrored,581341,abd62605932d8e3a71ad47b838c670fb05f461ca5f4fcd50602f9a997b7b749b
log,zoology/experiments/flash_vqg/scripts/20260626-01-flash-vqg-cache-sync-rerun/outputs/3090-gpu0-cache-sync-r3r4-20260626T173057Z/logs/default-s124-r4.log,3090,mirrored,560854,85983b3819129f509f52358b84cec4e8b0a64fb3f58697486299a09dc9c5e431
trace,zoology/experiments/flash_vqg/scripts/20260626-01-flash-vqg-cache-sync-rerun/outputs/traces/3090/3090-gpu0-cache-sync-r1r2-20260626T054239Z/default-s123-r1/early_window_metrics.jsonl,3090,mirrored,92125,a518d72f3b39fc8edb5fcd3306224bf5686f7d97bfb2b725f493f502d72c87d2
trace,zoology/experiments/flash_vqg/scripts/20260626-01-flash-vqg-cache-sync-rerun/outputs/traces/3090/3090-gpu0-cache-sync-r1r2-20260626T054239Z/default-s123-r1/train_step_0/read_trace.jsonl,3090,mirrored,36499,8e51c84b352c8c507cdac9ea82e5c4d98fc970969f0d21b2ec42ea29b89fd1af
trace,zoology/experiments/flash_vqg/scripts/20260626-01-flash-vqg-cache-sync-rerun/outputs/traces/3090/3090-gpu0-cache-sync-r1r2-20260626T054239Z/default-s123-r1/train_step_130/read_trace.jsonl,3090,mirrored,36336,5053049eba52a52c51daf2ffbc8a99154efa76933dd1c9b183095cdfff9ad6d4
trace,zoology/experiments/flash_vqg/scripts/20260626-01-flash-vqg-cache-sync-rerun/outputs/traces/3090/3090-gpu0-cache-sync-r1r2-20260626T054239Z/default-s123-r1/train_step_203/read_trace.jsonl,3090,mirrored,36421,5bb2fb3c9ef0c2ab163b4d55f11f7adc6c0297f3a4dc34889008616b5f73946d
trace,zoology/experiments/flash_vqg/scripts/20260626-01-flash-vqg-cache-sync-rerun/outputs/traces/3090/3090-gpu0-cache-sync-r1r2-20260626T054239Z/default-s123-r1/train_step_352/read_trace.jsonl,3090,mirrored,36343,8811bcf64675edf3f08bdf6d9e0b302e8da3d94683d9733e8323f3bffd67a684
trace,zoology/experiments/flash_vqg/scripts/20260626-01-flash-vqg-cache-sync-rerun/outputs/traces/3090/3090-gpu0-cache-sync-r1r2-20260626T054239Z/default-s123-r1/train_step_448/read_trace.jsonl,3090,mirrored,36322,e3417085891fd06fcb1a7e9385bb553d02a17b1c17b17f6a1d1953c1ca00116f
trace,zoology/experiments/flash_vqg/scripts/20260626-01-flash-vqg-cache-sync-rerun/outputs/traces/3090/3090-gpu0-cache-sync-r1r2-20260626T054239Z/default-s123-r1/train_step_64/read_trace.jsonl,3090,mirrored,36383,a9dc9ca0cbf848a31c037114dcec2df9bd10e58f94315640b6f416033eeb61d2
trace,zoology/experiments/flash_vqg/scripts/20260626-01-flash-vqg-cache-sync-rerun/outputs/traces/3090/3090-gpu0-cache-sync-r1r2-20260626T054239Z/default-s123-r1/train_step_704/read_trace.jsonl,3090,mirrored,36320,60c77be76e8702472af72cce8c97bedb990b8011ea754510362679e99affa215
trace,zoology/experiments/flash_vqg/scripts/20260626-01-flash-vqg-cache-sync-rerun/outputs/traces/3090/3090-gpu0-cache-sync-r1r2-20260626T054239Z/default-s123-r2/early_window_metrics.jsonl,3090,mirrored,92096,f256b6e5e5d996d2a8502f3731a4d92439b1e5991e43d5fe05466f8f27194e00
trace,zoology/experiments/flash_vqg/scripts/20260626-01-flash-vqg-cache-sync-rerun/outputs/traces/3090/3090-gpu0-cache-sync-r1r2-20260626T054239Z/default-s123-r2/train_step_0/read_trace.jsonl,3090,mirrored,36499,3ed854075265fe864d72a841bf46c1a383ee8e74cf101b3310d1cdf77cca594b
trace,zoology/experiments/flash_vqg/scripts/20260626-01-flash-vqg-cache-sync-rerun/outputs/traces/3090/3090-gpu0-cache-sync-r1r2-20260626T054239Z/default-s123-r2/train_step_130/read_trace.jsonl,3090,mirrored,36314,9f525caedb3042bab6fd6e9acd1864096fd890cca5a9ba22b3322624633ae81a
trace,zoology/experiments/flash_vqg/scripts/20260626-01-flash-vqg-cache-sync-rerun/outputs/traces/3090/3090-gpu0-cache-sync-r1r2-20260626T054239Z/default-s123-r2/train_step_203/read_trace.jsonl,3090,mirrored,36422,ea146fcd9b1d75d8003bc0b69a8981a58ca602bb5ca7d9d092b4a0354470bd31
trace,zoology/experiments/flash_vqg/scripts/20260626-01-flash-vqg-cache-sync-rerun/outputs/traces/3090/3090-gpu0-cache-sync-r1r2-20260626T054239Z/default-s123-r2/train_step_352/read_trace.jsonl,3090,mirrored,36336,c31dad43b54ffb2041bb7f63bb1685aade73dc9e4467e280e2aa99c7c1745563
trace,zoology/experiments/flash_vqg/scripts/20260626-01-flash-vqg-cache-sync-rerun/outputs/traces/3090/3090-gpu0-cache-sync-r1r2-20260626T054239Z/default-s123-r2/train_step_448/read_trace.jsonl,3090,mirrored,36293,b1edcccb022ef66e4a654bf91c683d19c4ab017826b7119c37dde6f76c91fe54
trace,zoology/experiments/flash_vqg/scripts/20260626-01-flash-vqg-cache-sync-rerun/outputs/traces/3090/3090-gpu0-cache-sync-r1r2-20260626T054239Z/default-s123-r2/train_step_64/read_trace.jsonl,3090,mirrored,36375,a14871922295c767977fe735ca969d5cef7c9ecfcdde3037769fa07c83f35f1d
trace,zoology/experiments/flash_vqg/scripts/20260626-01-flash-vqg-cache-sync-rerun/outputs/traces/3090/3090-gpu0-cache-sync-r1r2-20260626T054239Z/default-s123-r2/train_step_704/read_trace.jsonl,3090,mirrored,36245,bddf969d4a00d38a19689edf203f0235e3c3a46306e4358f3a7df48da931fcb4
trace,zoology/experiments/flash_vqg/scripts/20260626-01-flash-vqg-cache-sync-rerun/outputs/traces/3090/3090-gpu0-cache-sync-r1r2-20260626T054239Z/default-s124-r1/early_window_metrics.jsonl,3090,mirrored,92071,c7060b0cb4f7e395b81bfff603910e5a611982a416247c0c5ebc6f3ad1eba003
trace,zoology/experiments/flash_vqg/scripts/20260626-01-flash-vqg-cache-sync-rerun/outputs/traces/3090/3090-gpu0-cache-sync-r1r2-20260626T054239Z/default-s124-r1/train_step_0/read_trace.jsonl,3090,mirrored,36502,0c0ba72b5aab858d6c235afdffc333e96d69dd20137c8069a1d6398b01ad9cac
trace,zoology/experiments/flash_vqg/scripts/20260626-01-flash-vqg-cache-sync-rerun/outputs/traces/3090/3090-gpu0-cache-sync-r1r2-20260626T054239Z/default-s124-r1/train_step_130/read_trace.jsonl,3090,mirrored,36291,bdf09f63b683314eb13f63668084f2cb4020f964197134c3622863c975c41635
trace,zoology/experiments/flash_vqg/scripts/20260626-01-flash-vqg-cache-sync-rerun/outputs/traces/3090/3090-gpu0-cache-sync-r1r2-20260626T054239Z/default-s124-r1/train_step_203/read_trace.jsonl,3090,mirrored,36467,11920b6d9ed0d61bb7c4b850fbc02863b389b92077e2cedf64b21a9d77b14749
trace,zoology/experiments/flash_vqg/scripts/20260626-01-flash-vqg-cache-sync-rerun/outputs/traces/3090/3090-gpu0-cache-sync-r1r2-20260626T054239Z/default-s124-r1/train_step_352/read_trace.jsonl,3090,mirrored,36230,f144af082c2659daa93dd501f85bcbd1565cef776c6dd6e06a0823fb928554e1
trace,zoology/experiments/flash_vqg/scripts/20260626-01-flash-vqg-cache-sync-rerun/outputs/traces/3090/3090-gpu0-cache-sync-r1r2-20260626T054239Z/default-s124-r1/train_step_448/read_trace.jsonl,3090,mirrored,36167,927dfcd3b313ce58afc5e18bd91e211ce0ee91704c4b8f0ea8cc4aefc44044cb
trace,zoology/experiments/flash_vqg/scripts/20260626-01-flash-vqg-cache-sync-rerun/outputs/traces/3090/3090-gpu0-cache-sync-r1r2-20260626T054239Z/default-s124-r1/train_step_64/read_trace.jsonl,3090,mirrored,36344,6065bb586aa39ce5d589c301a05bf5d823f6e1ada1ae5c66afa23f6685f1dde4
trace,zoology/experiments/flash_vqg/scripts/20260626-01-flash-vqg-cache-sync-rerun/outputs/traces/3090/3090-gpu0-cache-sync-r1r2-20260626T054239Z/default-s124-r1/train_step_704/read_trace.jsonl,3090,mirrored,36187,95a6ef22448d595db9651a230dac9c1bce622ca9825aa5b2cdc851cb6a9547ce
trace,zoology/experiments/flash_vqg/scripts/20260626-01-flash-vqg-cache-sync-rerun/outputs/traces/3090/3090-gpu0-cache-sync-r1r2-20260626T054239Z/default-s124-r2/early_window_metrics.jsonl,3090,mirrored,92041,d59d95e9e0671890167b6e783aa04f86b2affb71b52eb9309c5b6e372207e0eb
trace,zoology/experiments/flash_vqg/scripts/20260626-01-flash-vqg-cache-sync-rerun/outputs/traces/3090/3090-gpu0-cache-sync-r1r2-20260626T054239Z/default-s124-r2/train_step_0/read_trace.jsonl,3090,mirrored,36502,4048ae9a64cfccba0db0025fdad8aa4ea03e762337f84811bba04ac09f2ee672
trace,zoology/experiments/flash_vqg/scripts/20260626-01-flash-vqg-cache-sync-rerun/outputs/traces/3090/3090-gpu0-cache-sync-r1r2-20260626T054239Z/default-s124-r2/train_step_130/read_trace.jsonl,3090,mirrored,36302,c9a78c5c88430519b85004f314ffb2757a5d9df1847054d1e7d1114933a148fd
trace,zoology/experiments/flash_vqg/scripts/20260626-01-flash-vqg-cache-sync-rerun/outputs/traces/3090/3090-gpu0-cache-sync-r1r2-20260626T054239Z/default-s124-r2/train_step_203/read_trace.jsonl,3090,mirrored,36475,cb761d972645aa76e10a818e51fcafe2ac400a9f3b332170326e9af78ee52608
trace,zoology/experiments/flash_vqg/scripts/20260626-01-flash-vqg-cache-sync-rerun/outputs/traces/3090/3090-gpu0-cache-sync-r1r2-20260626T054239Z/default-s124-r2/train_step_352/read_trace.jsonl,3090,mirrored,36225,ef5a85da9d7eb902adcdad4d28c2dcceec506a3c9a3c57de8dcdf382d18953af
trace,zoology/experiments/flash_vqg/scripts/20260626-01-flash-vqg-cache-sync-rerun/outputs/traces/3090/3090-gpu0-cache-sync-r1r2-20260626T054239Z/default-s124-r2/train_step_448/read_trace.jsonl,3090,mirrored,36181,5f2c24e21a85aff054c93aae1922f9a6a4db1c1a8d801163e34a76400032a797
trace,zoology/experiments/flash_vqg/scripts/20260626-01-flash-vqg-cache-sync-rerun/outputs/traces/3090/3090-gpu0-cache-sync-r1r2-20260626T054239Z/default-s124-r2/train_step_64/read_trace.jsonl,3090,mirrored,36348,61e05a93be735f5159a4d39221ffcd7d92b59e27d51c0b627b6a577859423ce5
trace,zoology/experiments/flash_vqg/scripts/20260626-01-flash-vqg-cache-sync-rerun/outputs/traces/3090/3090-gpu0-cache-sync-r1r2-20260626T054239Z/default-s124-r2/train_step_704/read_trace.jsonl,3090,mirrored,36171,74123a90b09cd3a51369caf1defe711001a30222cc490eb67704995feb5d9ff9
trace,zoology/experiments/flash_vqg/scripts/20260626-01-flash-vqg-cache-sync-rerun/outputs/traces/3090/3090-gpu0-cache-sync-r3r4-20260626T173057Z/default-s123-r3/early_window_metrics.jsonl,3090,mirrored,92123,a8abde9c6c7fccac8b7656b345235c7135e82c5efb3d99a38a546a89a8877356
trace,zoology/experiments/flash_vqg/scripts/20260626-01-flash-vqg-cache-sync-rerun/outputs/traces/3090/3090-gpu0-cache-sync-r3r4-20260626T173057Z/default-s123-r3/train_step_0/read_trace.jsonl,3090,mirrored,36499,54462a16bcc53e2fc841eb132324a27bbb8d340ecdd5122f1e9f683e12c0d74a
trace,zoology/experiments/flash_vqg/scripts/20260626-01-flash-vqg-cache-sync-rerun/outputs/traces/3090/3090-gpu0-cache-sync-r3r4-20260626T173057Z/default-s123-r3/train_step_130/read_trace.jsonl,3090,mirrored,36321,6736df689840c087800fd3d2e96449ac046cfc66e0bad9836eefef9ef9d81809
trace,zoology/experiments/flash_vqg/scripts/20260626-01-flash-vqg-cache-sync-rerun/outputs/traces/3090/3090-gpu0-cache-sync-r3r4-20260626T173057Z/default-s123-r3/train_step_203/read_trace.jsonl,3090,mirrored,36413,e5d5c05d6deb328261bc760e49982633d84c417400529f3e02b49e5723cfe95f
trace,zoology/experiments/flash_vqg/scripts/20260626-01-flash-vqg-cache-sync-rerun/outputs/traces/3090/3090-gpu0-cache-sync-r3r4-20260626T173057Z/default-s123-r3/train_step_352/read_trace.jsonl,3090,mirrored,36288,9a80e47a7723e275e0c0fd81aa7c0604fbc1a2914d4582a1a34cdf4b7bd8fae6
trace,zoology/experiments/flash_vqg/scripts/20260626-01-flash-vqg-cache-sync-rerun/outputs/traces/3090/3090-gpu0-cache-sync-r3r4-20260626T173057Z/default-s123-r3/train_step_448/read_trace.jsonl,3090,mirrored,36326,06a456db8e8250eead0d56d7d421bfaadcc6f2d42747c772aaaa65f18d3f5d88
trace,zoology/experiments/flash_vqg/scripts/20260626-01-flash-vqg-cache-sync-rerun/outputs/traces/3090/3090-gpu0-cache-sync-r3r4-20260626T173057Z/default-s123-r3/train_step_64/read_trace.jsonl,3090,mirrored,36359,602354af62dd86cae51373f0a81cd4f86db32ee4159b46c0b4ec214f2b8020df
trace,zoology/experiments/flash_vqg/scripts/20260626-01-flash-vqg-cache-sync-rerun/outputs/traces/3090/3090-gpu0-cache-sync-r3r4-20260626T173057Z/default-s123-r3/train_step_704/read_trace.jsonl,3090,mirrored,36173,23c6221e8f520914a6319b63e932839777a3ef5e59b03765f645653a1779074b
trace,zoology/experiments/flash_vqg/scripts/20260626-01-flash-vqg-cache-sync-rerun/outputs/traces/3090/3090-gpu0-cache-sync-r3r4-20260626T173057Z/default-s123-r4/early_window_metrics.jsonl,3090,mirrored,92110,cc54b5dd2032568d24ba666ee14b88ff02d2617b0edf345c265fe192246628b3
trace,zoology/experiments/flash_vqg/scripts/20260626-01-flash-vqg-cache-sync-rerun/outputs/traces/3090/3090-gpu0-cache-sync-r3r4-20260626T173057Z/default-s123-r4/train_step_0/read_trace.jsonl,3090,mirrored,36499,2f63f865284884145db712dac7f94d8902d59b2f83273a2d06f3e7ea8644c987
trace,zoology/experiments/flash_vqg/scripts/20260626-01-flash-vqg-cache-sync-rerun/outputs/traces/3090/3090-gpu0-cache-sync-r3r4-20260626T173057Z/default-s123-r4/train_step_130/read_trace.jsonl,3090,mirrored,36313,4a7baefa862a566a612daeed993b4f19db8553a456d05613531b7fa1111a8679
trace,zoology/experiments/flash_vqg/scripts/20260626-01-flash-vqg-cache-sync-rerun/outputs/traces/3090/3090-gpu0-cache-sync-r3r4-20260626T173057Z/default-s123-r4/train_step_203/read_trace.jsonl,3090,mirrored,36422,5a730f0f56958554f708d9c11794e043d86e90af7a9b28f87dcc415088492301
trace,zoology/experiments/flash_vqg/scripts/20260626-01-flash-vqg-cache-sync-rerun/outputs/traces/3090/3090-gpu0-cache-sync-r3r4-20260626T173057Z/default-s123-r4/train_step_352/read_trace.jsonl,3090,mirrored,36311,565fdda93f0fdb951a59022af7f480fc812ca4d1858a7e835b9675ca35b82f4a
trace,zoology/experiments/flash_vqg/scripts/20260626-01-flash-vqg-cache-sync-rerun/outputs/traces/3090/3090-gpu0-cache-sync-r3r4-20260626T173057Z/default-s123-r4/train_step_448/read_trace.jsonl,3090,mirrored,36316,78d04929cc20b0bba3a639a815056cd85875ef5965ef9b850064821baecabf9d
trace,zoology/experiments/flash_vqg/scripts/20260626-01-flash-vqg-cache-sync-rerun/outputs/traces/3090/3090-gpu0-cache-sync-r3r4-20260626T173057Z/default-s123-r4/train_step_64/read_trace.jsonl,3090,mirrored,36364,c1a0b5a273ed46d7574286553a785d41ef4ff90037344e1c33524014816b327e
trace,zoology/experiments/flash_vqg/scripts/20260626-01-flash-vqg-cache-sync-rerun/outputs/traces/3090/3090-gpu0-cache-sync-r3r4-20260626T173057Z/default-s123-r4/train_step_704/read_trace.jsonl,3090,mirrored,36240,a3fb3295e855d90fd36c0472e2fd5173445820642b52d7857859bf1f9d212e04
trace,zoology/experiments/flash_vqg/scripts/20260626-01-flash-vqg-cache-sync-rerun/outputs/traces/3090/3090-gpu0-cache-sync-r3r4-20260626T173057Z/default-s124-r3/early_window_metrics.jsonl,3090,mirrored,92112,3d7fdf6acd326eca8e5ca8f675e30d4894dfd73833fae330d7efe466ce136ef1
trace,zoology/experiments/flash_vqg/scripts/20260626-01-flash-vqg-cache-sync-rerun/outputs/traces/3090/3090-gpu0-cache-sync-r3r4-20260626T173057Z/default-s124-r3/train_step_0/read_trace.jsonl,3090,mirrored,36502,b1e01954c6718d4114a77d8d708de938e5b5e256ba9253a77ee468fc65ca795c
trace,zoology/experiments/flash_vqg/scripts/20260626-01-flash-vqg-cache-sync-rerun/outputs/traces/3090/3090-gpu0-cache-sync-r3r4-20260626T173057Z/default-s124-r3/train_step_130/read_trace.jsonl,3090,mirrored,36281,37e0d8ff62182f0164982ae70e675d1e48c80b21010814534756ddd0ff717374
trace,zoology/experiments/flash_vqg/scripts/20260626-01-flash-vqg-cache-sync-rerun/outputs/traces/3090/3090-gpu0-cache-sync-r3r4-20260626T173057Z/default-s124-r3/train_step_203/read_trace.jsonl,3090,mirrored,36469,fa5c4255fb0c996e53dc6f89dc5e3b15ff98c9db4dbcd2ffb658493ab24ecdb7
trace,zoology/experiments/flash_vqg/scripts/20260626-01-flash-vqg-cache-sync-rerun/outputs/traces/3090/3090-gpu0-cache-sync-r3r4-20260626T173057Z/default-s124-r3/train_step_352/read_trace.jsonl,3090,mirrored,36268,4c43a072f5d51e84c1ba68c0268234ea1323f265584b838a85c632da3a9a1693
trace,zoology/experiments/flash_vqg/scripts/20260626-01-flash-vqg-cache-sync-rerun/outputs/traces/3090/3090-gpu0-cache-sync-r3r4-20260626T173057Z/default-s124-r3/train_step_448/read_trace.jsonl,3090,mirrored,36182,f9442a7548cab1197f467091b8d71bf8f166fe3b9cc316d96c82cf5ffb2b12a9
trace,zoology/experiments/flash_vqg/scripts/20260626-01-flash-vqg-cache-sync-rerun/outputs/traces/3090/3090-gpu0-cache-sync-r3r4-20260626T173057Z/default-s124-r3/train_step_64/read_trace.jsonl,3090,mirrored,36361,038b70961b86291365284baf002aab188e617ecccd57897be3485392f7cc9b5d
trace,zoology/experiments/flash_vqg/scripts/20260626-01-flash-vqg-cache-sync-rerun/outputs/traces/3090/3090-gpu0-cache-sync-r3r4-20260626T173057Z/default-s124-r3/train_step_704/read_trace.jsonl,3090,mirrored,36187,26aa32438ce83a0a6c3f9113d3d59a9b0d4a8df072587f32adc5b18c986d8902
trace,zoology/experiments/flash_vqg/scripts/20260626-01-flash-vqg-cache-sync-rerun/outputs/traces/3090/3090-gpu0-cache-sync-r3r4-20260626T173057Z/default-s124-r4/early_window_metrics.jsonl,3090,mirrored,92126,ef8b9a2e9d252695626dca790ce9e995de97e39028ac4aeaac42d73a9c2dac6d
trace,zoology/experiments/flash_vqg/scripts/20260626-01-flash-vqg-cache-sync-rerun/outputs/traces/3090/3090-gpu0-cache-sync-r3r4-20260626T173057Z/default-s124-r4/train_step_0/read_trace.jsonl,3090,mirrored,36502,29fae5fb008fb473723530d52aa6739622634d55ceed866105990b074555dae9
trace,zoology/experiments/flash_vqg/scripts/20260626-01-flash-vqg-cache-sync-rerun/outputs/traces/3090/3090-gpu0-cache-sync-r3r4-20260626T173057Z/default-s124-r4/train_step_130/read_trace.jsonl,3090,mirrored,36270,6e07ff7d5812284d4e0403a67d800168b70a6b833504eeeff64ede120960e003
trace,zoology/experiments/flash_vqg/scripts/20260626-01-flash-vqg-cache-sync-rerun/outputs/traces/3090/3090-gpu0-cache-sync-r3r4-20260626T173057Z/default-s124-r4/train_step_203/read_trace.jsonl,3090,mirrored,36466,c9f98efe2e58ad5c3ffae79313f36a8a9f91598f95f94f3627465b37018a8c70
trace,zoology/experiments/flash_vqg/scripts/20260626-01-flash-vqg-cache-sync-rerun/outputs/traces/3090/3090-gpu0-cache-sync-r3r4-20260626T173057Z/default-s124-r4/train_step_352/read_trace.jsonl,3090,mirrored,36348,6accbbde55b3ebd0efa80464ced0881600f5e3c309adc64a693f1dbd89c92454
trace,zoology/experiments/flash_vqg/scripts/20260626-01-flash-vqg-cache-sync-rerun/outputs/traces/3090/3090-gpu0-cache-sync-r3r4-20260626T173057Z/default-s124-r4/train_step_448/read_trace.jsonl,3090,mirrored,36196,36fff81b4d596928b10f346be657d4bad59ab801424a520951599bd34a9b4f47
trace,zoology/experiments/flash_vqg/scripts/20260626-01-flash-vqg-cache-sync-rerun/outputs/traces/3090/3090-gpu0-cache-sync-r3r4-20260626T173057Z/default-s124-r4/train_step_64/read_trace.jsonl,3090,mirrored,36342,98f59f93ace8a4989bb1e0ce99f2d48a6d4e13102d565ab8c47f922c3c24670a
trace,zoology/experiments/flash_vqg/scripts/20260626-01-flash-vqg-cache-sync-rerun/outputs/traces/3090/3090-gpu0-cache-sync-r3r4-20260626T173057Z/default-s124-r4/train_step_704/read_trace.jsonl,3090,mirrored,36182,70f5d0f43e1c62307b240ad64f5e17c5f1a45f2229ea0caac70ceee7daa85c6d
generated,zoology/experiments/flash_vqg/generated/fvqg-20260626-01-cache-sync-rerun-3090-default-s123-r1-2026-06-26-05-42-44/launch_configs.py,3090,mirrored,5900,577e0e9b661f62d7ba69157b825b3fa96478f9675b918fbb011bc29668db046c
generated,zoology/experiments/flash_vqg/generated/fvqg-20260626-01-cache-sync-rerun-3090-default-s123-r1-2026-06-26-05-42-44/manifest.json,3090,mirrored,7281,fd5286e8da9e9e69f7bb0abd6fa71c2f709e3e32c0d69510d5a0c84ea07b0dfd
generated,zoology/experiments/flash_vqg/generated/fvqg-20260626-01-cache-sync-rerun-3090-default-s123-r2-2026-06-26-07-49-42/launch_configs.py,3090,mirrored,5900,f5a2b53a4616942ac09972f182483721b37d6615687cb27c37d362f94be50e30
generated,zoology/experiments/flash_vqg/generated/fvqg-20260626-01-cache-sync-rerun-3090-default-s123-r2-2026-06-26-07-49-42/manifest.json,3090,mirrored,7281,c8823ab00d8b8bbaf3a1e271a0a0cd3203586cf0ac21740231db8e0a55715985
generated,zoology/experiments/flash_vqg/generated/fvqg-20260626-01-cache-sync-rerun-3090-default-s123-r3-2026-06-26-17-31-02/launch_configs.py,3090,mirrored,5900,8f5cd83dfb9fcebfbbe312147832dd42acc3579a46657931999c4218d30e4154
generated,zoology/experiments/flash_vqg/generated/fvqg-20260626-01-cache-sync-rerun-3090-default-s123-r3-2026-06-26-17-31-02/manifest.json,3090,mirrored,7281,819289832623dee261e8c7680c5ef6989f04fd2aa6a1708abea765e0c3a7f297
generated,zoology/experiments/flash_vqg/generated/fvqg-20260626-01-cache-sync-rerun-3090-default-s123-r4-2026-06-26-19-37-39/launch_configs.py,3090,mirrored,5900,16a620add0c728733462808a60dac9ae154aded6e5ac7862d20635e058150912
generated,zoology/experiments/flash_vqg/generated/fvqg-20260626-01-cache-sync-rerun-3090-default-s123-r4-2026-06-26-19-37-39/manifest.json,3090,mirrored,7281,a55c0cd48b7856ff7931124dd007878ecf5c9ce78e4cab8a18f549cca9546ba6
generated,zoology/experiments/flash_vqg/generated/fvqg-20260626-01-cache-sync-rerun-3090-default-s124-r1-2026-06-26-06-56-39/launch_configs.py,3090,mirrored,5900,02e6a9ca1638641e50d30fd8b89fc6f3bf99cee56d978436f9da183e05f4bc8c
generated,zoology/experiments/flash_vqg/generated/fvqg-20260626-01-cache-sync-rerun-3090-default-s124-r1-2026-06-26-06-56-39/manifest.json,3090,mirrored,7281,8e32547ca8a81cf490663f80526319b0d9fd7428bcb28591fdde68aeba102e47
generated,zoology/experiments/flash_vqg/generated/fvqg-20260626-01-cache-sync-rerun-3090-default-s124-r2-2026-06-26-09-03-02/launch_configs.py,3090,mirrored,5900,5e240ed40b4076d9f8d78c44e321dac3eb79630da168ba9c8e7c036917dd953f
generated,zoology/experiments/flash_vqg/generated/fvqg-20260626-01-cache-sync-rerun-3090-default-s124-r2-2026-06-26-09-03-02/manifest.json,3090,mirrored,7281,b1ed4e3ec88584f7b162d18979c03250f18245e021e3569ab488f8671b664198
generated,zoology/experiments/flash_vqg/generated/fvqg-20260626-01-cache-sync-rerun-3090-default-s124-r3-2026-06-26-18-43-47/launch_configs.py,3090,mirrored,5900,147fa1c1aa2f833772c1c65f4d2982cd12b6b69014d680f7458366ac0812cc40
generated,zoology/experiments/flash_vqg/generated/fvqg-20260626-01-cache-sync-rerun-3090-default-s124-r3-2026-06-26-18-43-47/manifest.json,3090,mirrored,7281,245bb04e43f47e4c9056faea13ab8956e51629ef5aede1527256e332fc42e2f9
generated,zoology/experiments/flash_vqg/generated/fvqg-20260626-01-cache-sync-rerun-3090-default-s124-r4-2026-06-26-20-50-28/launch_configs.py,3090,mirrored,5900,10f1b81159cc81eb137f718211cddb2a14adc8c9dd9ba0a5e6c22719c09b53ed
generated,zoology/experiments/flash_vqg/generated/fvqg-20260626-01-cache-sync-rerun-3090-default-s124-r4-2026-06-26-20-50-28/manifest.json,3090,mirrored,7281,08ca188d9f2e999f4b4594067427079a4af755c2572855c60fea344222568cf0
artifact_csv,docs/artifacts/20260626-01-flash-vqg-cache-sync-rerun/cache-content-cross-machine-summary.csv,local,local_artifact,3300,5067fada736300f2beb5fcbf615a18dab9466d669b239626e5b9be84f62be8c4
artifact_csv,docs/artifacts/20260626-01-flash-vqg-cache-sync-rerun/canonical-3090-run-summary.csv,local,local_artifact,6701,d4b9b19a0228319cdd7aa1c349d068ae10a89c6e75a8d733d3d4903d846c9dfa
artifact_csv,docs/artifacts/20260626-01-flash-vqg-cache-sync-rerun/canonical-cross-machine-repeat-summary.csv,local,local_artifact,818,268594a50742bb032ca1f35508ec838b46d7611bea97128294c294f4d01e331a
artifact_csv,docs/artifacts/20260626-01-flash-vqg-cache-sync-rerun/canonical-cross-machine-run-summary.csv,local,local_artifact,2283,bec16c322c8496eaa7ba1811c54899cfa37c67f8f274b69abf471fa75690d144
artifact_csv,docs/artifacts/20260626-01-flash-vqg-cache-sync-rerun/canonical-cross-machine-seed-summary.csv,local,local_artifact,421,e604c450701703b44691779ff5442496532fd338c496b83682772015bc7a23c7
artifact_csv,docs/artifacts/20260626-01-flash-vqg-cache-sync-rerun/noncanonical-vs-canonical-comparison.csv,local,local_artifact,830,9181959bc6c2ce9bcf04752a61330346bfc92fb26cfafb0e20db67344eab70a4
artifact_csv,docs/artifacts/20260626-01-flash-vqg-cache-sync-rerun/run-summary.csv,local,local_artifact,6701,d4b9b19a0228319cdd7aa1c349d068ae10a89c6e75a8d733d3d4903d846c9dfa
artifact_csv,docs/artifacts/20260626-01-flash-vqg-cache-sync-rerun/source-manifest.csv,local,local_artifact,13147,44ca0e38d1861382c8cbe01c5cf4daf26fa606e2c24ed659de77d961c11a4f69
artifact_doc,docs/artifacts/20260626-01-flash-vqg-cache-sync-rerun/README.md,local,local_artifact,1041,c0ac1492e2fac8f5ee662269c2b7d798868dea6b8095cb62e9a5c222815a630a
artifact_doc,docs/artifacts/20260626-01-flash-vqg-cache-sync-rerun/metadata.json,local,local_artifact,1329,c714edd6c547ee3cf2d8f5fa2651b0ddf64af2f85695d40e7729f3cfe95a6f6c
artifact_doc,docs/20260626-01-flash-vqg-cache-sync-rerun-report.md,local,local_artifact,2042,fab4ffcece792f112ea84361d42e6fc4ed6e14156b561fb3b4746a5d758974ee
