machine,variant,source_host,source_path,mirror_path,bytes,sha256,mirrored_to_main_workspace,submitted_to_git
2080ti,inj-warmup-linear512-r2,mclab-2080ti,zoology/experiments/flash_vqg/scripts/20260703-02-flash-vqg-injection-warmup-repro-rerun/outputs/reprowarm-2080ti-gpu0-linear512-20260703T025329Z/queue-status.tsv,zoology/experiments/flash_vqg/scripts/20260703-02-flash-vqg-injection-warmup-repro-rerun/outputs/reprowarm-2080ti-gpu0-linear512-20260703T025329Z/queue-status.tsv,2395,037bd8b7a056f46f9808b50485a74f6539d24837a58852bbab48681d5e1a9a24,True,False
2080ti,inj-warmup-linear512-r2,mclab-2080ti,zoology/experiments/flash_vqg/scripts/20260703-02-flash-vqg-injection-warmup-repro-rerun/outputs/reprowarm-2080ti-gpu0-linear512-20260703T025329Z/command.txt,zoology/experiments/flash_vqg/scripts/20260703-02-flash-vqg-injection-warmup-repro-rerun/outputs/reprowarm-2080ti-gpu0-linear512-20260703T025329Z/command.txt,182,d60bdc4a1a562952f39d41da687a96603041c20d2efcf105817435c3d7f4c050,True,False
2080ti,inj-warmup-linear512-r2,mclab-2080ti,zoology/experiments/flash_vqg/scripts/20260703-02-flash-vqg-injection-warmup-repro-rerun/outputs/reprowarm-2080ti-gpu0-linear512-20260703T025329Z/init-verify.json,zoology/experiments/flash_vqg/scripts/20260703-02-flash-vqg-injection-warmup-repro-rerun/outputs/reprowarm-2080ti-gpu0-linear512-20260703T025329Z/init-verify.json,1643,17328c6022d894f8e47a6856564f272d926b2e462eeb164b0db377873e96997d,True,False
2080ti,inj-warmup-linear512-r2,mclab-2080ti,zoology/experiments/flash_vqg/scripts/20260703-02-flash-vqg-injection-warmup-repro-rerun/outputs/reprowarm-2080ti-gpu0-linear512-20260703T025329Z/preflight-inj-warmup-linear512-r2.json,zoology/experiments/flash_vqg/scripts/20260703-02-flash-vqg-injection-warmup-repro-rerun/outputs/reprowarm-2080ti-gpu0-linear512-20260703T025329Z/preflight-inj-warmup-linear512-r2.json,3525,ecb97874c283e17bf106a38e3c11e22391391872d4c4d9958a59c3c3c064c511,True,False
2080ti,inj-warmup-linear512-r2,mclab-2080ti,zoology/experiments/flash_vqg/scripts/20260703-02-flash-vqg-injection-warmup-repro-rerun/outputs/reprowarm-2080ti-gpu0-linear512-20260703T025329Z/cache-hash-inj-warmup-linear512-r2.json,zoology/experiments/flash_vqg/scripts/20260703-02-flash-vqg-injection-warmup-repro-rerun/outputs/reprowarm-2080ti-gpu0-linear512-20260703T025329Z/cache-hash-inj-warmup-linear512-r2.json,10402,751f84b432b5e5ce2064a901ffaa94a1310956bfea94ca8e5def345a0ccba986,True,False
2080ti,inj-warmup-linear512-r2,mclab-2080ti,zoology/experiments/flash_vqg/scripts/20260703-02-flash-vqg-injection-warmup-repro-rerun/outputs/reprowarm-2080ti-gpu0-linear512-20260703T025329Z/preflight/batch-order-inj-warmup-linear512-r2.json,zoology/experiments/flash_vqg/scripts/20260703-02-flash-vqg-injection-warmup-repro-rerun/outputs/reprowarm-2080ti-gpu0-linear512-20260703T025329Z/preflight/batch-order-inj-warmup-linear512-r2.json,1260,45bf7e68d1fa88497190a3a8761fde34e5d0977b1bc47b63eed67b4a1d3eaeae,True,False
2080ti,inj-warmup-linear512-r2,mclab-2080ti,zoology/experiments/flash_vqg/scripts/20260703-02-flash-vqg-injection-warmup-repro-rerun/outputs/reprowarm-2080ti-gpu0-linear512-20260703T025329Z/configs/inj-warmup-linear512-r2.json,zoology/experiments/flash_vqg/scripts/20260703-02-flash-vqg-injection-warmup-repro-rerun/outputs/reprowarm-2080ti-gpu0-linear512-20260703T025329Z/configs/inj-warmup-linear512-r2.json,19388,caa069cbc325fcb0225178ba9ff82369a04cb8791da85d87af00574305886582,True,False
2080ti,inj-warmup-linear512-r2,mclab-2080ti,zoology/experiments/flash_vqg/scripts/20260703-02-flash-vqg-injection-warmup-repro-rerun/outputs/reprowarm-2080ti-gpu0-linear512-20260703T025329Z/logs/inj-warmup-linear512-r2.log,zoology/experiments/flash_vqg/scripts/20260703-02-flash-vqg-injection-warmup-repro-rerun/outputs/reprowarm-2080ti-gpu0-linear512-20260703T025329Z/logs/inj-warmup-linear512-r2.log,596289,1b343ba71502203ecdb0e65d235cbca43f22180e60ff73b50a9735f775f8ae41,True,False
2080ti,inj-warmup-linear512-r2,mclab-2080ti,zoology/experiments/flash_vqg/scripts/20260703-02-flash-vqg-injection-warmup-repro-rerun/outputs/reprowarm-2080ti-gpu0-linear512-20260703T025329Z/results/inj-warmup-linear512-r2.json,zoology/experiments/flash_vqg/scripts/20260703-02-flash-vqg-injection-warmup-repro-rerun/outputs/reprowarm-2080ti-gpu0-linear512-20260703T025329Z/results/inj-warmup-linear512-r2.json,2384,f2594c5b9a6622240dbd059e3b6fe1b470ffe373c4a6105c846eced35883fa56,True,False
2080ti,inj-warmup-silent64-linear512-r2,mclab-2080ti,zoology/experiments/flash_vqg/scripts/20260703-02-flash-vqg-injection-warmup-repro-rerun/outputs/reprowarm-2080ti-gpu1-silent64linear512-20260703T025329Z/queue-status.tsv,zoology/experiments/flash_vqg/scripts/20260703-02-flash-vqg-injection-warmup-repro-rerun/outputs/reprowarm-2080ti-gpu1-silent64linear512-20260703T025329Z/queue-status.tsv,2626,85c31da456ff27e5c224d87817f714e5461653f65166c3b727c8f3e30aae8493,True,False
2080ti,inj-warmup-silent64-linear512-r2,mclab-2080ti,zoology/experiments/flash_vqg/scripts/20260703-02-flash-vqg-injection-warmup-repro-rerun/outputs/reprowarm-2080ti-gpu1-silent64linear512-20260703T025329Z/command.txt,zoology/experiments/flash_vqg/scripts/20260703-02-flash-vqg-injection-warmup-repro-rerun/outputs/reprowarm-2080ti-gpu1-silent64linear512-20260703T025329Z/command.txt,190,8fd8d04f3f8045c05e39b3dbed99d121787636642176cec58895305dc2b4fef3,True,False
2080ti,inj-warmup-silent64-linear512-r2,mclab-2080ti,zoology/experiments/flash_vqg/scripts/20260703-02-flash-vqg-injection-warmup-repro-rerun/outputs/reprowarm-2080ti-gpu1-silent64linear512-20260703T025329Z/init-verify.json,zoology/experiments/flash_vqg/scripts/20260703-02-flash-vqg-injection-warmup-repro-rerun/outputs/reprowarm-2080ti-gpu1-silent64linear512-20260703T025329Z/init-verify.json,1643,4976a4b74f7ab5aa4045ce7ac4ae5ceb841dcdedce766dba329f22e637dc0ade,True,False
2080ti,inj-warmup-silent64-linear512-r2,mclab-2080ti,zoology/experiments/flash_vqg/scripts/20260703-02-flash-vqg-injection-warmup-repro-rerun/outputs/reprowarm-2080ti-gpu1-silent64linear512-20260703T025329Z/preflight-inj-warmup-silent64-linear512-r2.json,zoology/experiments/flash_vqg/scripts/20260703-02-flash-vqg-injection-warmup-repro-rerun/outputs/reprowarm-2080ti-gpu1-silent64linear512-20260703T025329Z/preflight-inj-warmup-silent64-linear512-r2.json,3593,783eb90da9da4d22441e347b7036f9c98d901fe51a57b8e62e3b99e3b1c0a44c,True,False
2080ti,inj-warmup-silent64-linear512-r2,mclab-2080ti,zoology/experiments/flash_vqg/scripts/20260703-02-flash-vqg-injection-warmup-repro-rerun/outputs/reprowarm-2080ti-gpu1-silent64linear512-20260703T025329Z/cache-hash-inj-warmup-silent64-linear512-r2.json,zoology/experiments/flash_vqg/scripts/20260703-02-flash-vqg-injection-warmup-repro-rerun/outputs/reprowarm-2080ti-gpu1-silent64linear512-20260703T025329Z/cache-hash-inj-warmup-silent64-linear512-r2.json,10420,8ecd00feca7691e64a5d66227687690683c0be325373bf887be5c97443a10784,True,False
2080ti,inj-warmup-silent64-linear512-r2,mclab-2080ti,zoology/experiments/flash_vqg/scripts/20260703-02-flash-vqg-injection-warmup-repro-rerun/outputs/reprowarm-2080ti-gpu1-silent64linear512-20260703T025329Z/preflight/batch-order-inj-warmup-silent64-linear512-r2.json,zoology/experiments/flash_vqg/scripts/20260703-02-flash-vqg-injection-warmup-repro-rerun/outputs/reprowarm-2080ti-gpu1-silent64linear512-20260703T025329Z/preflight/batch-order-inj-warmup-silent64-linear512-r2.json,1312,2de7de029a56ee1bba44b7c1b9fd0529e6f1f7dd9ea87077bc2e8ccbf5b6f5c9,True,False
2080ti,inj-warmup-silent64-linear512-r2,mclab-2080ti,zoology/experiments/flash_vqg/scripts/20260703-02-flash-vqg-injection-warmup-repro-rerun/outputs/reprowarm-2080ti-gpu1-silent64linear512-20260703T025329Z/configs/inj-warmup-silent64-linear512-r2.json,zoology/experiments/flash_vqg/scripts/20260703-02-flash-vqg-injection-warmup-repro-rerun/outputs/reprowarm-2080ti-gpu1-silent64linear512-20260703T025329Z/configs/inj-warmup-silent64-linear512-r2.json,19442,b0ddd807dc123311bea6da189bde078ad1a9e7d7f3b094955e2f465e6cd63cfb,True,False
2080ti,inj-warmup-silent64-linear512-r2,mclab-2080ti,zoology/experiments/flash_vqg/scripts/20260703-02-flash-vqg-injection-warmup-repro-rerun/outputs/reprowarm-2080ti-gpu1-silent64linear512-20260703T025329Z/logs/inj-warmup-silent64-linear512-r2.log,zoology/experiments/flash_vqg/scripts/20260703-02-flash-vqg-injection-warmup-repro-rerun/outputs/reprowarm-2080ti-gpu1-silent64linear512-20260703T025329Z/logs/inj-warmup-silent64-linear512-r2.log,597394,5749c902456220216e44036f1567dc6107e668e779e6ec69b2b2c1db751f0b5c,True,False
2080ti,inj-warmup-silent64-linear512-r2,mclab-2080ti,zoology/experiments/flash_vqg/scripts/20260703-02-flash-vqg-injection-warmup-repro-rerun/outputs/reprowarm-2080ti-gpu1-silent64linear512-20260703T025329Z/results/inj-warmup-silent64-linear512-r2.json,zoology/experiments/flash_vqg/scripts/20260703-02-flash-vqg-injection-warmup-repro-rerun/outputs/reprowarm-2080ti-gpu1-silent64linear512-20260703T025329Z/results/inj-warmup-silent64-linear512-r2.json,2416,ab426348d8be698e23e7ff410e0ea0d08ca6cd2d8149ce41dd69a2dd1d281574,True,False
3090,inj-warmup-linear512-r2,mclab-3090,zoology/experiments/flash_vqg/scripts/20260703-02-flash-vqg-injection-warmup-repro-rerun/outputs/reprowarm-3090-gpu0-all-20260703T025329Z/queue-status.tsv,zoology/experiments/flash_vqg/scripts/20260703-02-flash-vqg-injection-warmup-repro-rerun/outputs/reprowarm-3090-gpu0-all-20260703T025329Z/queue-status.tsv,4630,5452fc2b0b739f7bd24b294054339459cd75213fc98add4d69aa79e66927f2b9,True,False
3090,inj-warmup-linear512-r2,mclab-3090,zoology/experiments/flash_vqg/scripts/20260703-02-flash-vqg-injection-warmup-repro-rerun/outputs/reprowarm-3090-gpu0-all-20260703T025329Z/command.txt,zoology/experiments/flash_vqg/scripts/20260703-02-flash-vqg-injection-warmup-repro-rerun/outputs/reprowarm-3090-gpu0-all-20260703T025329Z/command.txt,174,83bd32b6807b5b2010c3aaae8537fff343d38a32649ef26fe2d6231a860e385e,True,False
3090,inj-warmup-linear512-r2,mclab-3090,zoology/experiments/flash_vqg/scripts/20260703-02-flash-vqg-injection-warmup-repro-rerun/outputs/reprowarm-3090-gpu0-all-20260703T025329Z/init-verify.json,zoology/experiments/flash_vqg/scripts/20260703-02-flash-vqg-injection-warmup-repro-rerun/outputs/reprowarm-3090-gpu0-all-20260703T025329Z/init-verify.json,1637,312167c40cb29e7280ff654aa6e5321318c12096924704061a2db6aadde53c04,True,False
3090,inj-warmup-linear512-r2,mclab-3090,zoology/experiments/flash_vqg/scripts/20260703-02-flash-vqg-injection-warmup-repro-rerun/outputs/reprowarm-3090-gpu0-all-20260703T025329Z/preflight-inj-warmup-linear512-r2.json,zoology/experiments/flash_vqg/scripts/20260703-02-flash-vqg-injection-warmup-repro-rerun/outputs/reprowarm-3090-gpu0-all-20260703T025329Z/preflight-inj-warmup-linear512-r2.json,3499,66c59d5c3a381348dc896474a6f7fe90d0a06204b43944732d750ac25d97ac74,True,False
3090,inj-warmup-linear512-r2,mclab-3090,zoology/experiments/flash_vqg/scripts/20260703-02-flash-vqg-injection-warmup-repro-rerun/outputs/reprowarm-3090-gpu0-all-20260703T025329Z/cache-hash-inj-warmup-linear512-r2.json,zoology/experiments/flash_vqg/scripts/20260703-02-flash-vqg-injection-warmup-repro-rerun/outputs/reprowarm-3090-gpu0-all-20260703T025329Z/cache-hash-inj-warmup-linear512-r2.json,10396,8c033506deb41bc40b24f9344636d806bb9875e4a032d2f7acc49e0749ccbb62,True,False
3090,inj-warmup-linear512-r2,mclab-3090,zoology/experiments/flash_vqg/scripts/20260703-02-flash-vqg-injection-warmup-repro-rerun/outputs/reprowarm-3090-gpu0-all-20260703T025329Z/preflight/batch-order-inj-warmup-linear512-r2.json,zoology/experiments/flash_vqg/scripts/20260703-02-flash-vqg-injection-warmup-repro-rerun/outputs/reprowarm-3090-gpu0-all-20260703T025329Z/preflight/batch-order-inj-warmup-linear512-r2.json,1238,8000e4de4c4c3f52bada4120748c5ad96b67b306385de3f46943acf8ce961635,True,False
3090,inj-warmup-linear512-r2,mclab-3090,zoology/experiments/flash_vqg/scripts/20260703-02-flash-vqg-injection-warmup-repro-rerun/outputs/reprowarm-3090-gpu0-all-20260703T025329Z/configs/inj-warmup-linear512-r2.json,zoology/experiments/flash_vqg/scripts/20260703-02-flash-vqg-injection-warmup-repro-rerun/outputs/reprowarm-3090-gpu0-all-20260703T025329Z/configs/inj-warmup-linear512-r2.json,19364,ceddcd8f8805cc41fd65438b8ea244122caf2dd024e3e2a494782e47efc01596,True,False
3090,inj-warmup-linear512-r2,mclab-3090,zoology/experiments/flash_vqg/scripts/20260703-02-flash-vqg-injection-warmup-repro-rerun/outputs/reprowarm-3090-gpu0-all-20260703T025329Z/logs/inj-warmup-linear512-r2.log,zoology/experiments/flash_vqg/scripts/20260703-02-flash-vqg-injection-warmup-repro-rerun/outputs/reprowarm-3090-gpu0-all-20260703T025329Z/logs/inj-warmup-linear512-r2.log,571734,f381c9cf9b15d54ee10d9b887f451e97591d533d1448fac242f7f8acf2cfcae4,True,False
3090,inj-warmup-linear512-r2,mclab-3090,zoology/experiments/flash_vqg/scripts/20260703-02-flash-vqg-injection-warmup-repro-rerun/outputs/reprowarm-3090-gpu0-all-20260703T025329Z/results/inj-warmup-linear512-r2.json,zoology/experiments/flash_vqg/scripts/20260703-02-flash-vqg-injection-warmup-repro-rerun/outputs/reprowarm-3090-gpu0-all-20260703T025329Z/results/inj-warmup-linear512-r2.json,2378,d96862977867b30c2a26179cf70e44434c2dddaf52b7956a154c98135a28a72f,True,False
3090,inj-warmup-silent64-linear512-r2,mclab-3090,zoology/experiments/flash_vqg/scripts/20260703-02-flash-vqg-injection-warmup-repro-rerun/outputs/reprowarm-3090-gpu0-all-20260703T025329Z/queue-status.tsv,zoology/experiments/flash_vqg/scripts/20260703-02-flash-vqg-injection-warmup-repro-rerun/outputs/reprowarm-3090-gpu0-all-20260703T025329Z/queue-status.tsv,4630,5452fc2b0b739f7bd24b294054339459cd75213fc98add4d69aa79e66927f2b9,True,False
3090,inj-warmup-silent64-linear512-r2,mclab-3090,zoology/experiments/flash_vqg/scripts/20260703-02-flash-vqg-injection-warmup-repro-rerun/outputs/reprowarm-3090-gpu0-all-20260703T025329Z/command.txt,zoology/experiments/flash_vqg/scripts/20260703-02-flash-vqg-injection-warmup-repro-rerun/outputs/reprowarm-3090-gpu0-all-20260703T025329Z/command.txt,174,83bd32b6807b5b2010c3aaae8537fff343d38a32649ef26fe2d6231a860e385e,True,False
3090,inj-warmup-silent64-linear512-r2,mclab-3090,zoology/experiments/flash_vqg/scripts/20260703-02-flash-vqg-injection-warmup-repro-rerun/outputs/reprowarm-3090-gpu0-all-20260703T025329Z/init-verify.json,zoology/experiments/flash_vqg/scripts/20260703-02-flash-vqg-injection-warmup-repro-rerun/outputs/reprowarm-3090-gpu0-all-20260703T025329Z/init-verify.json,1637,312167c40cb29e7280ff654aa6e5321318c12096924704061a2db6aadde53c04,True,False
3090,inj-warmup-silent64-linear512-r2,mclab-3090,zoology/experiments/flash_vqg/scripts/20260703-02-flash-vqg-injection-warmup-repro-rerun/outputs/reprowarm-3090-gpu0-all-20260703T025329Z/preflight-inj-warmup-silent64-linear512-r2.json,zoology/experiments/flash_vqg/scripts/20260703-02-flash-vqg-injection-warmup-repro-rerun/outputs/reprowarm-3090-gpu0-all-20260703T025329Z/preflight-inj-warmup-silent64-linear512-r2.json,3551,3a3f73d0c40a427d5bb2441d6506f357d5f0771c3ae6b7278f625a26519b4c9c,True,False
3090,inj-warmup-silent64-linear512-r2,mclab-3090,zoology/experiments/flash_vqg/scripts/20260703-02-flash-vqg-injection-warmup-repro-rerun/outputs/reprowarm-3090-gpu0-all-20260703T025329Z/cache-hash-inj-warmup-silent64-linear512-r2.json,zoology/experiments/flash_vqg/scripts/20260703-02-flash-vqg-injection-warmup-repro-rerun/outputs/reprowarm-3090-gpu0-all-20260703T025329Z/cache-hash-inj-warmup-silent64-linear512-r2.json,10414,6f37289906987d690da57c410e583ebb350b5fd781cddfb62f7552f8b450faec,True,False
3090,inj-warmup-silent64-linear512-r2,mclab-3090,zoology/experiments/flash_vqg/scripts/20260703-02-flash-vqg-injection-warmup-repro-rerun/outputs/reprowarm-3090-gpu0-all-20260703T025329Z/preflight/batch-order-inj-warmup-silent64-linear512-r2.json,zoology/experiments/flash_vqg/scripts/20260703-02-flash-vqg-injection-warmup-repro-rerun/outputs/reprowarm-3090-gpu0-all-20260703T025329Z/preflight/batch-order-inj-warmup-silent64-linear512-r2.json,1274,e814ccae72f2ca2d53501d58e80217f2a3dbb6248a7d670ad4efb882fc4d13ce,True,False
3090,inj-warmup-silent64-linear512-r2,mclab-3090,zoology/experiments/flash_vqg/scripts/20260703-02-flash-vqg-injection-warmup-repro-rerun/outputs/reprowarm-3090-gpu0-all-20260703T025329Z/configs/inj-warmup-silent64-linear512-r2.json,zoology/experiments/flash_vqg/scripts/20260703-02-flash-vqg-injection-warmup-repro-rerun/outputs/reprowarm-3090-gpu0-all-20260703T025329Z/configs/inj-warmup-silent64-linear512-r2.json,19402,583d0b23c2994c6f56f94c6edddd61e147099f9fb1e29c9111b705a6db1926a7,True,False
3090,inj-warmup-silent64-linear512-r2,mclab-3090,zoology/experiments/flash_vqg/scripts/20260703-02-flash-vqg-injection-warmup-repro-rerun/outputs/reprowarm-3090-gpu0-all-20260703T025329Z/logs/inj-warmup-silent64-linear512-r2.log,zoology/experiments/flash_vqg/scripts/20260703-02-flash-vqg-injection-warmup-repro-rerun/outputs/reprowarm-3090-gpu0-all-20260703T025329Z/logs/inj-warmup-silent64-linear512-r2.log,579846,359529802df3d48a0dda4dac8e69e67f1a82f1052796ab8d0567348443fe5e26,True,False
3090,inj-warmup-silent64-linear512-r2,mclab-3090,zoology/experiments/flash_vqg/scripts/20260703-02-flash-vqg-injection-warmup-repro-rerun/outputs/reprowarm-3090-gpu0-all-20260703T025329Z/results/inj-warmup-silent64-linear512-r2.json,zoology/experiments/flash_vqg/scripts/20260703-02-flash-vqg-injection-warmup-repro-rerun/outputs/reprowarm-3090-gpu0-all-20260703T025329Z/results/inj-warmup-silent64-linear512-r2.json,2410,dbb02ae72b2e9741f95c61be34dcb71dc1d1ac30cbd96bb57cd6191b6f598649,True,False
