queue,machine,target,variant,gpu,pid,status,log,config_json,result_json,started_at,finished_at,status_path
fixed-2080ti-gpu1,2080ti,s123-r8-rep1,s123-r8-rep1,1,3906,completed,/home/lyj/mnt/project/zoology/zoology/experiments/flash_vqg/scripts/20260708-01-flash-vqg-r8-r16-fixed-init-three-seed-repeat/outputs/fixed-2080ti-gpu1-20260707T172212Z-formal/logs/s123-r8-rep1.log,/home/lyj/mnt/project/zoology/zoology/experiments/flash_vqg/scripts/20260708-01-flash-vqg-r8-r16-fixed-init-three-seed-repeat/outputs/fixed-2080ti-gpu1-20260707T172212Z-formal/configs/s123-r8-rep1.json,/home/lyj/mnt/project/zoology/zoology/experiments/flash_vqg/scripts/20260708-01-flash-vqg-r8-r16-fixed-init-three-seed-repeat/outputs/fixed-2080ti-gpu1-20260707T172212Z-formal/results/s123-r8-rep1.json,2026-07-08T01:22:48+08:00,2026-07-08T02:50:48+08:00,/home/lyj/mnt/project/zoology/zoology/experiments/flash_vqg/scripts/20260708-01-flash-vqg-r8-r16-fixed-init-three-seed-repeat/outputs/formal-only-20260707T172212Z/fixed-2080ti-gpu1-20260707T172212Z-formal/queue-status.tsv
fixed-2080ti-gpu1,2080ti,s123-r8-rep2,s123-r8-rep2,1,4336,completed,/home/lyj/mnt/project/zoology/zoology/experiments/flash_vqg/scripts/20260708-01-flash-vqg-r8-r16-fixed-init-three-seed-repeat/outputs/fixed-2080ti-gpu1-20260707T172212Z-formal/logs/s123-r8-rep2.log,/home/lyj/mnt/project/zoology/zoology/experiments/flash_vqg/scripts/20260708-01-flash-vqg-r8-r16-fixed-init-three-seed-repeat/outputs/fixed-2080ti-gpu1-20260707T172212Z-formal/configs/s123-r8-rep2.json,/home/lyj/mnt/project/zoology/zoology/experiments/flash_vqg/scripts/20260708-01-flash-vqg-r8-r16-fixed-init-three-seed-repeat/outputs/fixed-2080ti-gpu1-20260707T172212Z-formal/results/s123-r8-rep2.json,2026-07-08T02:51:02+08:00,2026-07-08T04:20:02+08:00,/home/lyj/mnt/project/zoology/zoology/experiments/flash_vqg/scripts/20260708-01-flash-vqg-r8-r16-fixed-init-three-seed-repeat/outputs/formal-only-20260707T172212Z/fixed-2080ti-gpu1-20260707T172212Z-formal/queue-status.tsv
fixed-2080ti-gpu1,2080ti,s123-r16-rep1,s123-r16-rep1,1,4656,completed,/home/lyj/mnt/project/zoology/zoology/experiments/flash_vqg/scripts/20260708-01-flash-vqg-r8-r16-fixed-init-three-seed-repeat/outputs/fixed-2080ti-gpu1-20260707T172212Z-formal/logs/s123-r16-rep1.log,/home/lyj/mnt/project/zoology/zoology/experiments/flash_vqg/scripts/20260708-01-flash-vqg-r8-r16-fixed-init-three-seed-repeat/outputs/fixed-2080ti-gpu1-20260707T172212Z-formal/configs/s123-r16-rep1.json,/home/lyj/mnt/project/zoology/zoology/experiments/flash_vqg/scripts/20260708-01-flash-vqg-r8-r16-fixed-init-three-seed-repeat/outputs/fixed-2080ti-gpu1-20260707T172212Z-formal/results/s123-r16-rep1.json,2026-07-08T04:20:15+08:00,2026-07-08T05:48:16+08:00,/home/lyj/mnt/project/zoology/zoology/experiments/flash_vqg/scripts/20260708-01-flash-vqg-r8-r16-fixed-init-three-seed-repeat/outputs/formal-only-20260707T172212Z/fixed-2080ti-gpu1-20260707T172212Z-formal/queue-status.tsv
fixed-2080ti-gpu1,2080ti,s123-r16-rep2,s123-r16-rep2,1,4974,completed,/home/lyj/mnt/project/zoology/zoology/experiments/flash_vqg/scripts/20260708-01-flash-vqg-r8-r16-fixed-init-three-seed-repeat/outputs/fixed-2080ti-gpu1-20260707T172212Z-formal/logs/s123-r16-rep2.log,/home/lyj/mnt/project/zoology/zoology/experiments/flash_vqg/scripts/20260708-01-flash-vqg-r8-r16-fixed-init-three-seed-repeat/outputs/fixed-2080ti-gpu1-20260707T172212Z-formal/configs/s123-r16-rep2.json,/home/lyj/mnt/project/zoology/zoology/experiments/flash_vqg/scripts/20260708-01-flash-vqg-r8-r16-fixed-init-three-seed-repeat/outputs/fixed-2080ti-gpu1-20260707T172212Z-formal/results/s123-r16-rep2.json,2026-07-08T05:48:29+08:00,2026-07-08T07:35:30+08:00,/home/lyj/mnt/project/zoology/zoology/experiments/flash_vqg/scripts/20260708-01-flash-vqg-r8-r16-fixed-init-three-seed-repeat/outputs/formal-only-20260707T172212Z/fixed-2080ti-gpu1-20260707T172212Z-formal/queue-status.tsv
fixed-2080ti-gpu1,2080ti,s124-r8-rep1,s124-r8-rep1,1,5330,completed,/home/lyj/mnt/project/zoology/zoology/experiments/flash_vqg/scripts/20260708-01-flash-vqg-r8-r16-fixed-init-three-seed-repeat/outputs/fixed-2080ti-gpu1-20260707T172212Z-formal/logs/s124-r8-rep1.log,/home/lyj/mnt/project/zoology/zoology/experiments/flash_vqg/scripts/20260708-01-flash-vqg-r8-r16-fixed-init-three-seed-repeat/outputs/fixed-2080ti-gpu1-20260707T172212Z-formal/configs/s124-r8-rep1.json,/home/lyj/mnt/project/zoology/zoology/experiments/flash_vqg/scripts/20260708-01-flash-vqg-r8-r16-fixed-init-three-seed-repeat/outputs/fixed-2080ti-gpu1-20260707T172212Z-formal/results/s124-r8-rep1.json,2026-07-08T07:35:44+08:00,2026-07-08T09:28:44+08:00,/home/lyj/mnt/project/zoology/zoology/experiments/flash_vqg/scripts/20260708-01-flash-vqg-r8-r16-fixed-init-three-seed-repeat/outputs/formal-only-20260707T172212Z/fixed-2080ti-gpu1-20260707T172212Z-formal/queue-status.tsv
fixed-2080ti-gpu1,2080ti,s124-r8-rep2,s124-r8-rep2,1,5699,completed,/home/lyj/mnt/project/zoology/zoology/experiments/flash_vqg/scripts/20260708-01-flash-vqg-r8-r16-fixed-init-three-seed-repeat/outputs/fixed-2080ti-gpu1-20260707T172212Z-formal/logs/s124-r8-rep2.log,/home/lyj/mnt/project/zoology/zoology/experiments/flash_vqg/scripts/20260708-01-flash-vqg-r8-r16-fixed-init-three-seed-repeat/outputs/fixed-2080ti-gpu1-20260707T172212Z-formal/configs/s124-r8-rep2.json,/home/lyj/mnt/project/zoology/zoology/experiments/flash_vqg/scripts/20260708-01-flash-vqg-r8-r16-fixed-init-three-seed-repeat/outputs/fixed-2080ti-gpu1-20260707T172212Z-formal/results/s124-r8-rep2.json,2026-07-08T09:28:58+08:00,2026-07-08T11:36:58+08:00,/home/lyj/mnt/project/zoology/zoology/experiments/flash_vqg/scripts/20260708-01-flash-vqg-r8-r16-fixed-init-three-seed-repeat/outputs/formal-only-20260707T172212Z/fixed-2080ti-gpu1-20260707T172212Z-formal/queue-status.tsv
fixed-2080ti-gpu1,2080ti,s124-r16-rep1,s124-r16-rep1,1,6572,completed,/home/lyj/mnt/project/zoology/zoology/experiments/flash_vqg/scripts/20260708-01-flash-vqg-r8-r16-fixed-init-three-seed-repeat/outputs/fixed-2080ti-gpu1-20260707T172212Z-formal/logs/s124-r16-rep1.log,/home/lyj/mnt/project/zoology/zoology/experiments/flash_vqg/scripts/20260708-01-flash-vqg-r8-r16-fixed-init-three-seed-repeat/outputs/fixed-2080ti-gpu1-20260707T172212Z-formal/configs/s124-r16-rep1.json,/home/lyj/mnt/project/zoology/zoology/experiments/flash_vqg/scripts/20260708-01-flash-vqg-r8-r16-fixed-init-three-seed-repeat/outputs/fixed-2080ti-gpu1-20260707T172212Z-formal/results/s124-r16-rep1.json,2026-07-08T11:37:12+08:00,2026-07-08T13:37:12+08:00,/home/lyj/mnt/project/zoology/zoology/experiments/flash_vqg/scripts/20260708-01-flash-vqg-r8-r16-fixed-init-three-seed-repeat/outputs/formal-only-20260707T172212Z/fixed-2080ti-gpu1-20260707T172212Z-formal/queue-status.tsv
fixed-2080ti-gpu1,2080ti,s124-r16-rep2,s124-r16-rep2,1,6955,completed,/home/lyj/mnt/project/zoology/zoology/experiments/flash_vqg/scripts/20260708-01-flash-vqg-r8-r16-fixed-init-three-seed-repeat/outputs/fixed-2080ti-gpu1-20260707T172212Z-formal/logs/s124-r16-rep2.log,/home/lyj/mnt/project/zoology/zoology/experiments/flash_vqg/scripts/20260708-01-flash-vqg-r8-r16-fixed-init-three-seed-repeat/outputs/fixed-2080ti-gpu1-20260707T172212Z-formal/configs/s124-r16-rep2.json,/home/lyj/mnt/project/zoology/zoology/experiments/flash_vqg/scripts/20260708-01-flash-vqg-r8-r16-fixed-init-three-seed-repeat/outputs/fixed-2080ti-gpu1-20260707T172212Z-formal/results/s124-r16-rep2.json,2026-07-08T13:37:26+08:00,2026-07-08T15:38:27+08:00,/home/lyj/mnt/project/zoology/zoology/experiments/flash_vqg/scripts/20260708-01-flash-vqg-r8-r16-fixed-init-three-seed-repeat/outputs/formal-only-20260707T172212Z/fixed-2080ti-gpu1-20260707T172212Z-formal/queue-status.tsv
fixed-2080ti-gpu1,2080ti,s125-r8-rep1,s125-r8-rep1,1,7340,completed,/home/lyj/mnt/project/zoology/zoology/experiments/flash_vqg/scripts/20260708-01-flash-vqg-r8-r16-fixed-init-three-seed-repeat/outputs/fixed-2080ti-gpu1-20260707T172212Z-formal/logs/s125-r8-rep1.log,/home/lyj/mnt/project/zoology/zoology/experiments/flash_vqg/scripts/20260708-01-flash-vqg-r8-r16-fixed-init-three-seed-repeat/outputs/fixed-2080ti-gpu1-20260707T172212Z-formal/configs/s125-r8-rep1.json,/home/lyj/mnt/project/zoology/zoology/experiments/flash_vqg/scripts/20260708-01-flash-vqg-r8-r16-fixed-init-three-seed-repeat/outputs/fixed-2080ti-gpu1-20260707T172212Z-formal/results/s125-r8-rep1.json,2026-07-08T15:38:40+08:00,2026-07-08T17:37:41+08:00,/home/lyj/mnt/project/zoology/zoology/experiments/flash_vqg/scripts/20260708-01-flash-vqg-r8-r16-fixed-init-three-seed-repeat/outputs/formal-only-20260707T172212Z/fixed-2080ti-gpu1-20260707T172212Z-formal/queue-status.tsv
fixed-2080ti-gpu1,2080ti,s125-r8-rep2,s125-r8-rep2,1,7883,completed,/home/lyj/mnt/project/zoology/zoology/experiments/flash_vqg/scripts/20260708-01-flash-vqg-r8-r16-fixed-init-three-seed-repeat/outputs/fixed-2080ti-gpu1-20260707T172212Z-formal/logs/s125-r8-rep2.log,/home/lyj/mnt/project/zoology/zoology/experiments/flash_vqg/scripts/20260708-01-flash-vqg-r8-r16-fixed-init-three-seed-repeat/outputs/fixed-2080ti-gpu1-20260707T172212Z-formal/configs/s125-r8-rep2.json,/home/lyj/mnt/project/zoology/zoology/experiments/flash_vqg/scripts/20260708-01-flash-vqg-r8-r16-fixed-init-three-seed-repeat/outputs/fixed-2080ti-gpu1-20260707T172212Z-formal/results/s125-r8-rep2.json,2026-07-08T17:37:54+08:00,2026-07-08T19:41:55+08:00,/home/lyj/mnt/project/zoology/zoology/experiments/flash_vqg/scripts/20260708-01-flash-vqg-r8-r16-fixed-init-three-seed-repeat/outputs/formal-only-20260707T172212Z/fixed-2080ti-gpu1-20260707T172212Z-formal/queue-status.tsv
fixed-2080ti-gpu1,2080ti,s125-r16-rep1,s125-r16-rep1,1,8303,completed,/home/lyj/mnt/project/zoology/zoology/experiments/flash_vqg/scripts/20260708-01-flash-vqg-r8-r16-fixed-init-three-seed-repeat/outputs/fixed-2080ti-gpu1-20260707T172212Z-formal/logs/s125-r16-rep1.log,/home/lyj/mnt/project/zoology/zoology/experiments/flash_vqg/scripts/20260708-01-flash-vqg-r8-r16-fixed-init-three-seed-repeat/outputs/fixed-2080ti-gpu1-20260707T172212Z-formal/configs/s125-r16-rep1.json,/home/lyj/mnt/project/zoology/zoology/experiments/flash_vqg/scripts/20260708-01-flash-vqg-r8-r16-fixed-init-three-seed-repeat/outputs/fixed-2080ti-gpu1-20260707T172212Z-formal/results/s125-r16-rep1.json,2026-07-08T19:42:09+08:00,2026-07-08T21:49:09+08:00,/home/lyj/mnt/project/zoology/zoology/experiments/flash_vqg/scripts/20260708-01-flash-vqg-r8-r16-fixed-init-three-seed-repeat/outputs/formal-only-20260707T172212Z/fixed-2080ti-gpu1-20260707T172212Z-formal/queue-status.tsv
fixed-2080ti-gpu1,2080ti,s125-r16-rep2,s125-r16-rep2,1,8729,completed,/home/lyj/mnt/project/zoology/zoology/experiments/flash_vqg/scripts/20260708-01-flash-vqg-r8-r16-fixed-init-three-seed-repeat/outputs/fixed-2080ti-gpu1-20260707T172212Z-formal/logs/s125-r16-rep2.log,/home/lyj/mnt/project/zoology/zoology/experiments/flash_vqg/scripts/20260708-01-flash-vqg-r8-r16-fixed-init-three-seed-repeat/outputs/fixed-2080ti-gpu1-20260707T172212Z-formal/configs/s125-r16-rep2.json,/home/lyj/mnt/project/zoology/zoology/experiments/flash_vqg/scripts/20260708-01-flash-vqg-r8-r16-fixed-init-three-seed-repeat/outputs/fixed-2080ti-gpu1-20260707T172212Z-formal/results/s125-r16-rep2.json,2026-07-08T21:49:23+08:00,2026-07-08T23:54:24+08:00,/home/lyj/mnt/project/zoology/zoology/experiments/flash_vqg/scripts/20260708-01-flash-vqg-r8-r16-fixed-init-three-seed-repeat/outputs/formal-only-20260707T172212Z/fixed-2080ti-gpu1-20260707T172212Z-formal/queue-status.tsv
fixed-3090-gpu0,3090,s123-r8-rep1,s123-r8-rep1,0,3856947,completed,/home/lyj/mnt/project/zoology/zoology/experiments/flash_vqg/scripts/20260708-01-flash-vqg-r8-r16-fixed-init-three-seed-repeat/outputs/fixed-3090-gpu0-20260707T172212Z-formal/logs/s123-r8-rep1.log,/home/lyj/mnt/project/zoology/zoology/experiments/flash_vqg/scripts/20260708-01-flash-vqg-r8-r16-fixed-init-three-seed-repeat/outputs/fixed-3090-gpu0-20260707T172212Z-formal/configs/s123-r8-rep1.json,/home/lyj/mnt/project/zoology/zoology/experiments/flash_vqg/scripts/20260708-01-flash-vqg-r8-r16-fixed-init-three-seed-repeat/outputs/fixed-3090-gpu0-20260707T172212Z-formal/results/s123-r8-rep1.json,2026-07-07T17:22:45+00:00,2026-07-07T18:41:45+00:00,/home/lyj/mnt/project/zoology/zoology/experiments/flash_vqg/scripts/20260708-01-flash-vqg-r8-r16-fixed-init-three-seed-repeat/outputs/formal-only-20260707T172212Z/fixed-3090-gpu0-20260707T172212Z-formal/queue-status.tsv
fixed-3090-gpu0,3090,s123-r8-rep2,s123-r8-rep2,0,3858913,completed,/home/lyj/mnt/project/zoology/zoology/experiments/flash_vqg/scripts/20260708-01-flash-vqg-r8-r16-fixed-init-three-seed-repeat/outputs/fixed-3090-gpu0-20260707T172212Z-formal/logs/s123-r8-rep2.log,/home/lyj/mnt/project/zoology/zoology/experiments/flash_vqg/scripts/20260708-01-flash-vqg-r8-r16-fixed-init-three-seed-repeat/outputs/fixed-3090-gpu0-20260707T172212Z-formal/configs/s123-r8-rep2.json,/home/lyj/mnt/project/zoology/zoology/experiments/flash_vqg/scripts/20260708-01-flash-vqg-r8-r16-fixed-init-three-seed-repeat/outputs/fixed-3090-gpu0-20260707T172212Z-formal/results/s123-r8-rep2.json,2026-07-07T18:41:57+00:00,2026-07-07T20:03:57+00:00,/home/lyj/mnt/project/zoology/zoology/experiments/flash_vqg/scripts/20260708-01-flash-vqg-r8-r16-fixed-init-three-seed-repeat/outputs/formal-only-20260707T172212Z/fixed-3090-gpu0-20260707T172212Z-formal/queue-status.tsv
fixed-3090-gpu0,3090,s123-r16-rep1,s123-r16-rep1,0,3860644,completed,/home/lyj/mnt/project/zoology/zoology/experiments/flash_vqg/scripts/20260708-01-flash-vqg-r8-r16-fixed-init-three-seed-repeat/outputs/fixed-3090-gpu0-20260707T172212Z-formal/logs/s123-r16-rep1.log,/home/lyj/mnt/project/zoology/zoology/experiments/flash_vqg/scripts/20260708-01-flash-vqg-r8-r16-fixed-init-three-seed-repeat/outputs/fixed-3090-gpu0-20260707T172212Z-formal/configs/s123-r16-rep1.json,/home/lyj/mnt/project/zoology/zoology/experiments/flash_vqg/scripts/20260708-01-flash-vqg-r8-r16-fixed-init-three-seed-repeat/outputs/fixed-3090-gpu0-20260707T172212Z-formal/results/s123-r16-rep1.json,2026-07-07T20:04:08+00:00,2026-07-07T21:20:09+00:00,/home/lyj/mnt/project/zoology/zoology/experiments/flash_vqg/scripts/20260708-01-flash-vqg-r8-r16-fixed-init-three-seed-repeat/outputs/formal-only-20260707T172212Z/fixed-3090-gpu0-20260707T172212Z-formal/queue-status.tsv
fixed-3090-gpu0,3090,s123-r16-rep2,s123-r16-rep2,0,3862267,completed,/home/lyj/mnt/project/zoology/zoology/experiments/flash_vqg/scripts/20260708-01-flash-vqg-r8-r16-fixed-init-three-seed-repeat/outputs/fixed-3090-gpu0-20260707T172212Z-formal/logs/s123-r16-rep2.log,/home/lyj/mnt/project/zoology/zoology/experiments/flash_vqg/scripts/20260708-01-flash-vqg-r8-r16-fixed-init-three-seed-repeat/outputs/fixed-3090-gpu0-20260707T172212Z-formal/configs/s123-r16-rep2.json,/home/lyj/mnt/project/zoology/zoology/experiments/flash_vqg/scripts/20260708-01-flash-vqg-r8-r16-fixed-init-three-seed-repeat/outputs/fixed-3090-gpu0-20260707T172212Z-formal/results/s123-r16-rep2.json,2026-07-07T21:20:20+00:00,2026-07-07T22:41:21+00:00,/home/lyj/mnt/project/zoology/zoology/experiments/flash_vqg/scripts/20260708-01-flash-vqg-r8-r16-fixed-init-three-seed-repeat/outputs/formal-only-20260707T172212Z/fixed-3090-gpu0-20260707T172212Z-formal/queue-status.tsv
fixed-3090-gpu0,3090,s124-r8-rep1,s124-r8-rep1,0,3863973,completed,/home/lyj/mnt/project/zoology/zoology/experiments/flash_vqg/scripts/20260708-01-flash-vqg-r8-r16-fixed-init-three-seed-repeat/outputs/fixed-3090-gpu0-20260707T172212Z-formal/logs/s124-r8-rep1.log,/home/lyj/mnt/project/zoology/zoology/experiments/flash_vqg/scripts/20260708-01-flash-vqg-r8-r16-fixed-init-three-seed-repeat/outputs/fixed-3090-gpu0-20260707T172212Z-formal/configs/s124-r8-rep1.json,/home/lyj/mnt/project/zoology/zoology/experiments/flash_vqg/scripts/20260708-01-flash-vqg-r8-r16-fixed-init-three-seed-repeat/outputs/fixed-3090-gpu0-20260707T172212Z-formal/results/s124-r8-rep1.json,2026-07-07T22:41:32+00:00,2026-07-07T23:57:32+00:00,/home/lyj/mnt/project/zoology/zoology/experiments/flash_vqg/scripts/20260708-01-flash-vqg-r8-r16-fixed-init-three-seed-repeat/outputs/formal-only-20260707T172212Z/fixed-3090-gpu0-20260707T172212Z-formal/queue-status.tsv
fixed-3090-gpu0,3090,s124-r8-rep2,s124-r8-rep2,0,3865588,completed,/home/lyj/mnt/project/zoology/zoology/experiments/flash_vqg/scripts/20260708-01-flash-vqg-r8-r16-fixed-init-three-seed-repeat/outputs/fixed-3090-gpu0-20260707T172212Z-formal/logs/s124-r8-rep2.log,/home/lyj/mnt/project/zoology/zoology/experiments/flash_vqg/scripts/20260708-01-flash-vqg-r8-r16-fixed-init-three-seed-repeat/outputs/fixed-3090-gpu0-20260707T172212Z-formal/configs/s124-r8-rep2.json,/home/lyj/mnt/project/zoology/zoology/experiments/flash_vqg/scripts/20260708-01-flash-vqg-r8-r16-fixed-init-three-seed-repeat/outputs/fixed-3090-gpu0-20260707T172212Z-formal/results/s124-r8-rep2.json,2026-07-07T23:57:44+00:00,2026-07-08T01:14:44+00:00,/home/lyj/mnt/project/zoology/zoology/experiments/flash_vqg/scripts/20260708-01-flash-vqg-r8-r16-fixed-init-three-seed-repeat/outputs/formal-only-20260707T172212Z/fixed-3090-gpu0-20260707T172212Z-formal/queue-status.tsv
fixed-3090-gpu0,3090,s124-r16-rep1,s124-r16-rep1,0,3867221,completed,/home/lyj/mnt/project/zoology/zoology/experiments/flash_vqg/scripts/20260708-01-flash-vqg-r8-r16-fixed-init-three-seed-repeat/outputs/fixed-3090-gpu0-20260707T172212Z-formal/logs/s124-r16-rep1.log,/home/lyj/mnt/project/zoology/zoology/experiments/flash_vqg/scripts/20260708-01-flash-vqg-r8-r16-fixed-init-three-seed-repeat/outputs/fixed-3090-gpu0-20260707T172212Z-formal/configs/s124-r16-rep1.json,/home/lyj/mnt/project/zoology/zoology/experiments/flash_vqg/scripts/20260708-01-flash-vqg-r8-r16-fixed-init-three-seed-repeat/outputs/fixed-3090-gpu0-20260707T172212Z-formal/results/s124-r16-rep1.json,2026-07-08T01:14:55+00:00,2026-07-08T02:29:56+00:00,/home/lyj/mnt/project/zoology/zoology/experiments/flash_vqg/scripts/20260708-01-flash-vqg-r8-r16-fixed-init-three-seed-repeat/outputs/formal-only-20260707T172212Z/fixed-3090-gpu0-20260707T172212Z-formal/queue-status.tsv
fixed-3090-gpu0,3090,s124-r16-rep2,s124-r16-rep2,0,3869140,completed,/home/lyj/mnt/project/zoology/zoology/experiments/flash_vqg/scripts/20260708-01-flash-vqg-r8-r16-fixed-init-three-seed-repeat/outputs/fixed-3090-gpu0-20260707T172212Z-formal/logs/s124-r16-rep2.log,/home/lyj/mnt/project/zoology/zoology/experiments/flash_vqg/scripts/20260708-01-flash-vqg-r8-r16-fixed-init-three-seed-repeat/outputs/fixed-3090-gpu0-20260707T172212Z-formal/configs/s124-r16-rep2.json,/home/lyj/mnt/project/zoology/zoology/experiments/flash_vqg/scripts/20260708-01-flash-vqg-r8-r16-fixed-init-three-seed-repeat/outputs/fixed-3090-gpu0-20260707T172212Z-formal/results/s124-r16-rep2.json,2026-07-08T02:30:07+00:00,2026-07-08T03:49:07+00:00,/home/lyj/mnt/project/zoology/zoology/experiments/flash_vqg/scripts/20260708-01-flash-vqg-r8-r16-fixed-init-three-seed-repeat/outputs/formal-only-20260707T172212Z/fixed-3090-gpu0-20260707T172212Z-formal/queue-status.tsv
fixed-3090-gpu0,3090,s125-r8-rep1,s125-r8-rep1,0,3870841,completed,/home/lyj/mnt/project/zoology/zoology/experiments/flash_vqg/scripts/20260708-01-flash-vqg-r8-r16-fixed-init-three-seed-repeat/outputs/fixed-3090-gpu0-20260707T172212Z-formal/logs/s125-r8-rep1.log,/home/lyj/mnt/project/zoology/zoology/experiments/flash_vqg/scripts/20260708-01-flash-vqg-r8-r16-fixed-init-three-seed-repeat/outputs/fixed-3090-gpu0-20260707T172212Z-formal/configs/s125-r8-rep1.json,/home/lyj/mnt/project/zoology/zoology/experiments/flash_vqg/scripts/20260708-01-flash-vqg-r8-r16-fixed-init-three-seed-repeat/outputs/fixed-3090-gpu0-20260707T172212Z-formal/results/s125-r8-rep1.json,2026-07-08T03:49:19+00:00,2026-07-08T04:44:19+00:00,/home/lyj/mnt/project/zoology/zoology/experiments/flash_vqg/scripts/20260708-01-flash-vqg-r8-r16-fixed-init-three-seed-repeat/outputs/formal-only-20260707T172212Z/fixed-3090-gpu0-20260707T172212Z-formal/queue-status.tsv
fixed-3090-gpu0,3090,s125-r8-rep2,s125-r8-rep2,0,3872077,completed,/home/lyj/mnt/project/zoology/zoology/experiments/flash_vqg/scripts/20260708-01-flash-vqg-r8-r16-fixed-init-three-seed-repeat/outputs/fixed-3090-gpu0-20260707T172212Z-formal/logs/s125-r8-rep2.log,/home/lyj/mnt/project/zoology/zoology/experiments/flash_vqg/scripts/20260708-01-flash-vqg-r8-r16-fixed-init-three-seed-repeat/outputs/fixed-3090-gpu0-20260707T172212Z-formal/configs/s125-r8-rep2.json,/home/lyj/mnt/project/zoology/zoology/experiments/flash_vqg/scripts/20260708-01-flash-vqg-r8-r16-fixed-init-three-seed-repeat/outputs/fixed-3090-gpu0-20260707T172212Z-formal/results/s125-r8-rep2.json,2026-07-08T04:44:30+00:00,2026-07-08T05:37:30+00:00,/home/lyj/mnt/project/zoology/zoology/experiments/flash_vqg/scripts/20260708-01-flash-vqg-r8-r16-fixed-init-three-seed-repeat/outputs/formal-only-20260707T172212Z/fixed-3090-gpu0-20260707T172212Z-formal/queue-status.tsv
fixed-3090-gpu0,3090,s125-r16-rep1,s125-r16-rep1,0,3873277,completed,/home/lyj/mnt/project/zoology/zoology/experiments/flash_vqg/scripts/20260708-01-flash-vqg-r8-r16-fixed-init-three-seed-repeat/outputs/fixed-3090-gpu0-20260707T172212Z-formal/logs/s125-r16-rep1.log,/home/lyj/mnt/project/zoology/zoology/experiments/flash_vqg/scripts/20260708-01-flash-vqg-r8-r16-fixed-init-three-seed-repeat/outputs/fixed-3090-gpu0-20260707T172212Z-formal/configs/s125-r16-rep1.json,/home/lyj/mnt/project/zoology/zoology/experiments/flash_vqg/scripts/20260708-01-flash-vqg-r8-r16-fixed-init-three-seed-repeat/outputs/fixed-3090-gpu0-20260707T172212Z-formal/results/s125-r16-rep1.json,2026-07-08T05:37:42+00:00,2026-07-08T06:58:42+00:00,/home/lyj/mnt/project/zoology/zoology/experiments/flash_vqg/scripts/20260708-01-flash-vqg-r8-r16-fixed-init-three-seed-repeat/outputs/formal-only-20260707T172212Z/fixed-3090-gpu0-20260707T172212Z-formal/queue-status.tsv
fixed-3090-gpu0,3090,s125-r16-rep2,s125-r16-rep2,0,3874990,completed,/home/lyj/mnt/project/zoology/zoology/experiments/flash_vqg/scripts/20260708-01-flash-vqg-r8-r16-fixed-init-three-seed-repeat/outputs/fixed-3090-gpu0-20260707T172212Z-formal/logs/s125-r16-rep2.log,/home/lyj/mnt/project/zoology/zoology/experiments/flash_vqg/scripts/20260708-01-flash-vqg-r8-r16-fixed-init-three-seed-repeat/outputs/fixed-3090-gpu0-20260707T172212Z-formal/configs/s125-r16-rep2.json,/home/lyj/mnt/project/zoology/zoology/experiments/flash_vqg/scripts/20260708-01-flash-vqg-r8-r16-fixed-init-three-seed-repeat/outputs/fixed-3090-gpu0-20260707T172212Z-formal/results/s125-r16-rep2.json,2026-07-08T06:58:54+00:00,2026-07-08T08:19:54+00:00,/home/lyj/mnt/project/zoology/zoology/experiments/flash_vqg/scripts/20260708-01-flash-vqg-r8-r16-fixed-init-three-seed-repeat/outputs/formal-only-20260707T172212Z/fixed-3090-gpu0-20260707T172212Z-formal/queue-status.tsv
